zone_id,node_idx,node_id,lat,lon,demand_g,tw_open,tw_close,is_depot
0,0,depot,-23.563536,-46.543798,0,0,1440,1
0,1,14934,-23.614919,-46.484327,125,720,1080,0
0,2,8952,-23.510935,-46.536763,633,720,1080,0
0,3,14785,-23.590649,-46.541716,2050,720,1080,0
0,4,11913,-23.556024,-46.500123,1250,720,1080,0
0,5,8507,-23.604004,-46.573352,17100,720,1080,0
0,6,1355,-23.582685,-46.58241,1000,720,1080,0
0,7,18219,-23.533355,-46.53297,5950,720,1080,0
0,8,3826,-23.539224,-46.591436,4300,720,1080,0
0,9,13386,-23.553771,-46.564153,600,480,720,0
0,10,14529,-23.527203,-46.504182,800,720,1080,0
0,11,6473,-23.56613,-46.582062,50,720,1080,0
0,12,17047,-23.553603,-46.586174,900,480,720,0
0,13,8498,-23.587368,-46.536934,8217,720,1080,0
0,14,2371,-23.565331,-46.550309,1900,720,1080,0
0,15,1443,-23.546152,-46.568901,5200,480,720,0
0,16,2217,-23.594422,-46.57222,317,720,1080,0
0,17,3241,-23.543476,-46.528142,5033,720,1080,0
0,18,6876,-23.536852,-46.567622,200,720,1080,0
0,19,12842,-23.595719,-46.533203,8650,480,720,0
0,20,8301,-23.592754,-46.532216,20850,720,1080,0
0,21,2334,-23.606953,-46.523468,2083,720,1080,0
0,22,4775,-23.624258,-46.515042,250,720,1080,0
0,23,9373,-23.539045,-46.535531,2900,720,1080,0
0,24,10997,-23.551946,-46.595926,450,720,1080,0
0,25,13943,-23.537673,-46.573622,18700,720,1080,0
0,26,4915,-23.571609,-46.590986,800,720,1080,0
0,27,19106,-23.609548,-46.479807,22539,720,1080,0
0,28,2771,-23.619376,-46.493432,335,720,1080,0
0,29,13406,-23.600587,-46.517697,800,720,1080,0
0,30,14120,-23.585837,-46.57063,200,720,1080,0
0,31,12193,-23.529689,-46.566924,100,480,720,0
0,32,17024,-23.587597,-46.581815,525,720,1080,0
0,33,1127,-23.622995,-46.537668,4500,720,1080,0
0,34,6640,-23.5905,-46.534981,3000,720,1080,0
0,35,17219,-23.608617,-46.554662,1422,720,1080,0
0,36,7349,-23.532571,-46.5497,20500,720,1080,0
0,37,11351,-23.588259,-46.52996,100,480,720,0
0,38,5004,-23.588695,-46.573802,400,720,1080,0
0,39,3592,-23.54621,-46.55302,330,720,1080,0
0,40,14221,-23.590328,-46.52792,450,720,1080,0
0,41,15373,-23.544821,-46.561898,400,720,1080,0
0,42,19138,-23.548182,-46.495057,1600,720,1080,0
0,43,17962,-23.547397,-46.502572,1400,720,1080,0
0,44,3966,-23.538359,-46.506645,225,720,1080,0
0,45,12199,-23.521212,-46.549771,3100,720,1080,0
0,46,7236,-23.553431,-46.584384,700,480,720,0
0,47,8759,-23.50714,-46.54329,250,720,1080,0
0,48,13731,-23.528101,-46.558224,150,720,1080,0
0,49,12966,-23.606953,-46.523468,150,480,720,0
0,50,2153,-23.568397,-46.594926,4900,720,1080,0
0,51,16158,-23.590358,-46.496478,660,480,720,0
0,52,837,-23.584745,-46.584303,323,480,720,0
0,53,6829,-23.579241,-46.557559,6050,720,1080,0
0,54,5254,-23.549727,-46.559158,750,720,1080,0
0,55,7114,-23.547397,-46.502572,2850,720,1080,0
0,56,15674,-23.551716,-46.545127,207,720,1080,0
0,57,8887,-23.598919,-46.52644,650,720,1080,0
0,58,14827,-23.531429,-46.51618,300,720,1080,0
0,59,7634,-23.553071,-46.53405,8100,720,1080,0
0,60,17730,-23.560313,-46.509149,250,720,1080,0
0,61,13146,-23.544463,-46.565916,350,480,720,0
0,62,2436,-23.50714,-46.54329,1300,480,720,0
0,63,17617,-23.525887,-46.540295,850,720,1080,0
0,64,13538,-23.525248,-46.547098,123,720,1080,0
0,65,10936,-23.586074,-46.587933,3875,720,1080,0
0,66,12981,-23.560454,-46.550833,1750,720,1080,0
0,67,13751,-23.585837,-46.57063,3050,720,1080,0
0,68,9033,-23.619856,-46.528458,950,720,1080,0
0,69,3121,-23.54355,-46.55152,350,720,1080,0
0,70,2406,-23.546879,-46.589389,434,480,720,0
0,71,16481,-23.601626,-46.553633,2200,720,1080,0
0,72,7487,-23.566141,-46.593335,400,480,720,0
0,73,6567,-23.578091,-46.588349,575,480,720,0
0,74,13517,-23.606953,-46.523468,100,720,1080,0
0,75,12035,-23.615284,-46.478817,1550,720,1080,0
1,0,depot,-23.553947,-46.658448,0,0,1440,1
1,1,10356,-23.571742,-46.612527,584,720,1080,0
1,2,4217,-23.529349,-46.636758,600,480,720,0
1,3,14446,-23.562553,-46.684145,175,720,1080,0
1,4,3492,-23.503923,-46.664999,200,480,720,0
1,5,774,-23.575618,-46.632314,4450,720,1080,0
1,6,1481,-23.555772,-46.639553,1110,720,1080,0
1,7,11106,-23.562134,-46.68734,1800,720,1080,0
1,8,16238,-23.532224,-46.705073,319,720,1080,0
1,9,9531,-23.587242,-46.667467,900,720,1080,0
1,10,16551,-23.533494,-46.689017,550,720,1080,0
1,11,17894,-23.568477,-46.678518,175,720,1080,0
1,12,18134,-23.562134,-46.68734,800,720,1080,0
1,13,4041,-23.542514,-46.691633,533,720,1080,0
1,14,5230,-23.561484,-46.636216,200,720,1080,0
1,15,10501,-23.55893,-46.622924,343,720,1080,0
1,16,15642,-23.576371,-46.663512,300,720,1080,0
1,17,15780,-23.565974,-46.644844,3200,720,1080,0
1,18,17569,-23.575326,-46.647641,6200,720,1080,0
1,19,523,-23.563691,-46.698031,5900,480,720,0
1,20,307,-23.581442,-46.676906,683,720,1080,0
1,21,6349,-23.548926,-46.651821,500,480,720,0
1,22,4269,-23.527132,-46.696171,7625,720,1080,0
1,23,14866,-23.531294,-46.656404,1000,480,720,0
1,24,6738,-23.582599,-46.687347,10050,720,1080,0
1,25,8697,-23.568992,-46.699564,150,480,720,0
1,26,4319,-23.545889,-46.701162,8050,480,720,0
1,27,15675,-23.542944,-46.653267,200,720,1080,0
1,28,11507,-23.557682,-46.674399,150,480,720,0
1,29,15210,-23.572462,-46.616175,1600,720,1080,0
1,30,18809,-23.55485,-46.676876,2438,480,720,0
1,31,3925,-23.593429,-46.685755,500,720,1080,0
1,32,8841,-23.589533,-46.711621,600,720,1080,0
1,33,5228,-23.522904,-46.683654,500,720,1080,0
1,34,2282,-23.559352,-46.70449,1650,720,1080,0
1,35,12304,-23.536106,-46.647688,5350,480,720,0
1,36,9746,-23.561961,-46.689287,350,720,1080,0
1,37,10686,-23.554529,-46.666491,363,480,720,0
1,38,14288,-23.556049,-46.649747,3000,720,1080,0
1,39,1503,-23.555556,-46.689857,200,720,1080,0
1,40,17266,-23.544731,-46.686769,213,480,720,0
1,41,16378,-23.555201,-46.660508,350,720,1080,0
1,42,19205,-23.55591,-46.653248,600,720,1080,0
1,43,12653,-23.562281,-46.647703,490,720,1080,0
1,44,18465,-23.535517,-46.679213,3443,720,1080,0
1,45,17964,-23.568992,-46.699564,775,720,1080,0
1,46,10435,-23.58281,-46.67505,12500,720,1080,0
1,47,6367,-23.583679,-46.673253,550,480,720,0
1,48,11008,-23.539114,-46.656723,600,480,720,0
1,49,13713,-23.563886,-46.661132,7050,720,1080,0
1,50,15112,-23.547308,-46.634236,200,720,1080,0
1,51,18051,-23.581442,-46.676906,1400,720,1080,0
1,52,5241,-23.559991,-46.667474,7000,480,720,0
1,53,10048,-23.510698,-46.654498,700,720,1080,0
1,54,7374,-23.579622,-46.673063,19500,720,1080,0
1,55,4852,-23.580401,-46.690908,250,720,1080,0
1,56,369,-23.561799,-46.681257,7450,480,720,0
1,57,18532,-23.534811,-46.681004,4650,720,1080,0
1,58,15808,-23.538004,-46.668444,190,720,1080,0
1,59,9043,-23.539369,-46.638486,1150,720,1080,0
1,60,15221,-23.562134,-46.68734,1650,720,1080,0
1,61,6448,-23.541468,-46.645337,500,720,1080,0
1,62,17170,-23.547934,-46.674595,500,720,1080,0
1,63,12423,-23.532288,-46.703172,400,480,720,0
1,64,13849,-23.539684,-46.649155,620,720,1080,0
1,65,15918,-23.554613,-46.685233,10800,720,1080,0
1,66,12383,-23.534554,-46.682136,150,480,720,0
1,67,10339,-23.561799,-46.681257,500,720,1080,0
1,68,11604,-23.55591,-46.653248,750,720,1080,0
1,69,7764,-23.564712,-46.652741,1000,720,1080,0
1,70,10597,-23.569763,-46.656772,22200,720,1080,0
1,71,451,-23.535088,-46.661504,1050,720,1080,0
1,72,4459,-23.54852,-46.609339,100,720,1080,0
1,73,1580,-23.584555,-46.68664,720,720,1080,0
1,74,12363,-23.543614,-46.687666,400,720,1080,0
1,75,18762,-23.544731,-46.686769,15300,480,720,0
2,0,depot,-23.536945,-46.440287,0,0,1440,1
2,1,12405,-23.502688,-46.464318,1875,480,720,0
2,2,2899,-23.502567,-46.45245,3500,480,720,0
2,3,12283,-23.526548,-46.470251,150,480,720,0
2,4,5965,-23.562613,-46.422155,600,480,720,0
2,5,2998,-23.523773,-46.478547,150,720,1080,0
2,6,12683,-23.485672,-46.418741,350,720,1080,0
2,7,6643,-23.561779,-46.475817,1600,480,720,0
2,8,4022,-23.502354,-46.393115,350,720,1080,0
2,9,3234,-23.532731,-46.47473,1700,720,1080,0
2,10,11348,-23.547288,-46.454077,1550,480,720,0
2,11,16874,-23.560226,-46.486681,1200,480,720,0
2,12,16464,-23.598658,-46.466461,1000,720,1080,0
2,13,12448,-23.547288,-46.454077,700,480,720,0
2,14,10308,-23.504739,-46.409718,350,480,720,0
2,15,5838,-23.553233,-46.472839,150,720,1080,0
2,16,9237,-23.495576,-46.46183,950,480,720,0
2,17,18657,-23.553662,-46.4507,1300,720,1080,0
2,18,7124,-23.500115,-46.435075,1825,720,1080,0
2,19,1702,-23.500115,-46.435075,1825,720,1080,0
2,20,16581,-23.553662,-46.4507,300,480,720,0
2,21,12757,-23.562613,-46.422155,217,720,1080,0
2,22,10768,-23.525928,-46.423318,9100,720,1080,0
2,23,2706,-23.588425,-46.400318,500,720,1080,0
2,24,13574,-23.540554,-46.398373,300,720,1080,0
2,25,7206,-23.540736,-46.49288,450,720,1080,0
2,26,11089,-23.529504,-46.396026,450,720,1080,0
2,27,3078,-23.594507,-46.442662,600,720,1080,0
2,28,18796,-23.509136,-46.446222,1238,720,1080,0
2,29,15502,-23.539676,-46.444371,133,720,1080,0
2,30,5066,-23.534514,-46.417456,2500,720,1080,0
2,31,4111,-23.547288,-46.454077,2200,480,720,0
2,32,5005,-23.502455,-46.413584,7000,480,720,0
2,33,4177,-23.533195,-46.405269,850,720,1080,0
2,34,8045,-23.480307,-46.38368,450,720,1080,0
2,35,17471,-23.502455,-46.413584,12300,720,1080,0
2,36,7587,-23.509526,-46.376086,250,720,1080,0
2,37,15927,-23.609615,-46.448807,400,480,720,0
2,38,2384,-23.502729,-46.421996,150,720,1080,0
2,39,8969,-23.598877,-46.440504,138,720,1080,0
2,40,15119,-23.563814,-46.432709,365,720,1080,0
2,41,10082,-23.537608,-46.449006,200,720,1080,0
2,42,6244,-23.535711,-46.433175,400,720,1080,0
2,43,18072,-23.502688,-46.464318,3750,720,1080,0
2,44,337,-23.528437,-46.478592,1383,720,1080,0
2,45,1495,-23.613932,-46.464946,2950,720,1080,0
2,46,16513,-23.525928,-46.423318,400,480,720,0
2,47,10237,-23.499367,-46.473126,300,720,1080,0
2,48,2355,-23.553662,-46.4507,500,720,1080,0
2,49,18972,-23.594507,-46.442662,675,720,1080,0
2,50,5949,-23.511711,-46.424427,5300,720,1080,0
2,51,4745,-23.539094,-46.488921,700,720,1080,0
2,52,7906,-23.561275,-46.461969,2250,480,720,0
2,53,16744,-23.547627,-46.41823,150,720,1080,0
2,54,13348,-23.537608,-46.449006,250,720,1080,0
2,55,2091,-23.534514,-46.417456,250,720,1080,0
2,56,16659,-23.550308,-46.480328,1300,480,720,0
2,57,19155,-23.529504,-46.396026,200,720,1080,0
2,58,7147,-23.539676,-46.444371,400,720,1080,0
2,59,11066,-23.602209,-46.399757,4000,480,720,0
2,60,9229,-23.521612,-46.451734,1200,480,720,0
2,61,11255,-23.502729,-46.421996,1600,720,1080,0
2,62,10827,-23.499367,-46.473126,200,720,1080,0
2,63,14565,-23.577364,-46.407737,15350,720,1080,0
2,64,2206,-23.588425,-46.400318,1050,720,1080,0
2,65,6272,-23.543589,-46.401736,1084,720,1080,0
2,66,13718,-23.526548,-46.470251,350,720,1080,0
2,67,16430,-23.502729,-46.421996,250,720,1080,0
2,68,10962,-23.517932,-46.427218,175,480,720,0
2,69,16037,-23.546232,-46.483087,5500,480,720,0
2,70,8208,-23.515506,-46.48171,250,720,1080,0
2,71,2699,-23.518335,-46.398076,800,720,1080,0
2,72,6477,-23.543589,-46.401736,100,720,1080,0
2,73,16878,-23.524814,-46.498227,800,720,1080,0
2,74,17003,-23.51343,-46.486731,150,480,720,0
2,75,14099,-23.510127,-46.397652,50,480,720,0
3,0,depot,-23.551862,-46.767959,0,0,1440,1
3,1,18562,-23.557895,-46.813187,200,720,1080,0
3,2,13730,-23.555423,-46.79026,1150,720,1080,0
3,3,17508,-23.589237,-46.761797,1600,480,720,0
3,4,12668,-23.559615,-46.755611,1213,480,720,0
3,5,16655,-23.504143,-46.805752,1000,480,720,0
3,6,18022,-23.596886,-46.795233,1050,720,1080,0
3,7,15213,-23.582033,-46.718051,100,720,1080,0
3,8,9054,-23.594413,-46.757875,200,720,1080,0
3,9,7799,-23.559615,-46.755611,2350,480,720,0
3,10,5982,-23.552593,-46.743353,99,480,720,0
3,11,4551,-23.574835,-46.762274,700,720,1080,0
3,12,9846,-23.594,-46.751503,800,720,1080,0
3,13,13155,-23.603828,-46.797005,500,720,1080,0
3,14,12264,-23.503488,-46.798771,900,720,1080,0
3,15,14594,-23.56531,-46.752511,950,720,1080,0
3,16,18558,-23.570292,-46.728372,200,480,720,0
3,17,2608,-23.583731,-46.790704,3313,720,1080,0
3,18,3836,-23.559615,-46.755611,200,720,1080,0
3,19,4227,-23.559575,-46.775759,650,480,720,0
3,20,8407,-23.586861,-46.766485,600,720,1080,0
3,21,2013,-23.575649,-46.801554,700,720,1080,0
3,22,16212,-23.514079,-46.769156,150,720,1080,0
3,23,11906,-23.566989,-46.811626,7850,720,1080,0
3,24,2131,-23.582446,-46.763363,250,720,1080,0
3,25,14051,-23.548094,-46.780655,400,720,1080,0
3,26,5424,-23.493129,-46.797223,16750,720,1080,0
3,27,17286,-23.514079,-46.769156,700,720,1080,0
3,28,17929,-23.548094,-46.780655,2300,480,720,0
3,29,14761,-23.564851,-46.759246,350,720,1080,0
3,30,17351,-23.556952,-46.745018,700,720,1080,0
3,31,13091,-23.561835,-46.727466,767,720,1080,0
3,32,1036,-23.547809,-46.765247,850,720,1080,0
3,33,18793,-23.573188,-46.747719,304,720,1080,0
3,34,3512,-23.509648,-46.788505,900,480,720,0
3,35,3944,-23.586044,-46.769589,1867,480,720,0
3,36,9561,-23.587998,-46.740867,200,480,720,0
3,37,1862,-23.557801,-46.769991,1500,480,720,0
3,38,4691,-23.516546,-46.786432,340,720,1080,0
3,39,5140,-23.542231,-46.813462,750,720,1080,0
3,40,11786,-23.516434,-46.782941,500,480,720,0
3,41,12057,-23.515726,-46.800615,100,480,720,0
3,42,6644,-23.572972,-46.793012,1750,720,1080,0
3,43,10087,-23.527735,-46.738982,444,720,1080,0
3,44,11718,-23.536161,-46.796021,700,720,1080,0
3,45,9044,-23.557895,-46.813187,250,720,1080,0
3,46,7386,-23.576282,-46.725657,67,720,1080,0
3,47,3459,-23.527749,-46.80207,1350,480,720,0
3,48,1181,-23.539443,-46.715686,396,720,1080,0
3,49,15916,-23.547809,-46.765247,1300,480,720,0
3,50,7980,-23.556952,-46.745018,150,720,1080,0
3,51,15018,-23.542128,-46.752772,1250,720,1080,0
3,52,18410,-23.535839,-46.760974,1700,480,720,0
3,53,3743,-23.539443,-46.715686,250,720,1080,0
3,54,15900,-23.594104,-46.785969,1500,480,720,0
3,55,4134,-23.55164,-46.764859,700,480,720,0
3,56,10641,-23.530664,-46.726594,450,480,720,0
3,57,14984,-23.552403,-46.794455,350,720,1080,0
3,58,5947,-23.496522,-46.79686,1800,480,720,0
3,59,14983,-23.596623,-46.789431,1938,720,1080,0
3,60,17991,-23.570554,-46.744694,400,720,1080,0
3,61,13777,-23.527214,-46.73154,400,720,1080,0
3,62,6757,-23.52545,-46.771011,1750,480,720,0
3,63,5530,-23.578719,-46.808394,250,720,1080,0
3,64,2275,-23.499314,-46.76755,1000,480,720,0
3,65,14776,-23.581043,-46.745977,200,720,1080,0
3,66,8390,-23.531364,-46.729764,50,720,1080,0
3,67,8807,-23.596623,-46.789431,900,720,1080,0
3,68,5141,-23.499314,-46.76755,335,720,1080,0
3,69,4197,-23.586861,-46.766485,1650,720,1080,0
3,70,14392,-23.513486,-46.743901,7300,720,1080,0
3,71,8027,-23.542757,-46.778011,650,720,1080,0
3,72,9762,-23.579426,-46.775544,9900,480,720,0
3,73,18632,-23.553882,-46.738981,300,720,1080,0
3,74,3444,-23.500308,-46.776681,1058,480,720,0
3,75,13412,-23.530234,-46.78498,450,720,1080,0
4,0,depot,-23.731552,-46.68921,0,0,1440,1
4,1,4729,-23.750785,-46.678868,925,480,720,0
4,2,12359,-23.761966,-46.707364,1675,720,1080,0
4,3,3064,-23.72532,-46.704304,700,720,1080,0
4,4,3082,-23.743986,-46.710319,700,720,1080,0
4,5,14409,-23.685158,-46.657994,200,720,1080,0
4,6,17639,-23.811271,-46.737503,100,720,1080,0
4,7,18841,-23.725048,-46.687847,10950,720,1080,0
4,8,13226,-23.696217,-46.639062,50,720,1080,0
4,9,14456,-23.725048,-46.687847,1000,480,720,0
4,10,8166,-23.685158,-46.657994,275,720,1080,0
4,11,10241,-23.724505,-46.694939,1750,480,720,0
4,12,3119,-23.752665,-46.666792,100,720,1080,0
4,13,16015,-23.755402,-46.682766,1383,720,1080,0
4,14,2385,-23.795197,-46.738406,600,480,720,0
4,15,7512,-23.683205,-46.685644,450,720,1080,0
4,16,2847,-23.828552,-46.72473,500,480,720,0
4,17,2320,-23.692536,-46.66839,450,480,720,0
4,18,12183,-23.761966,-46.707364,620,480,720,0
4,19,520,-23.74279,-46.694927,267,720,1080,0
4,20,7654,-23.7247,-46.681488,250,720,1080,0
4,21,13077,-23.7247,-46.681488,300,720,1080,0
4,22,18212,-23.749818,-46.701408,2625,720,1080,0
4,23,1789,-23.690379,-46.648408,1650,720,1080,0
4,24,13167,-23.69761,-46.657664,600,720,1080,0
4,25,5222,-23.828552,-46.72473,1700,720,1080,0
4,26,17202,-23.685123,-46.663168,2008,720,1080,0
4,27,19049,-23.688011,-46.68861,2450,720,1080,0
4,28,2531,-23.692536,-46.66839,300,720,1080,0
4,29,10317,-23.828552,-46.72473,250,480,720,0
4,30,498,-23.744095,-46.706749,150,720,1080,0
4,31,17861,-23.755217,-46.679521,100,720,1080,0
4,32,5023,-23.750083,-46.694736,1500,720,1080,0
4,33,4112,-23.752665,-46.666792,10750,720,1080,0
4,34,18919,-23.734667,-46.715697,175,480,720,0
4,35,12755,-23.716359,-46.708543,1100,720,1080,0
4,36,17484,-23.703874,-46.69108,400,720,1080,0
4,37,15976,-23.771799,-46.715191,50,480,720,0
4,38,14315,-23.761571,-46.672634,1650,480,720,0
4,39,10467,-23.713956,-46.700141,600,720,1080,0
4,40,4859,-23.683205,-46.685644,625,720,1080,0
4,41,7773,-23.685835,-46.700605,833,720,1080,0
4,42,2186,-23.724505,-46.694939,133,720,1080,0
4,43,2258,-23.720437,-46.687264,1250,720,1080,0
4,44,12136,-23.711269,-46.697457,1200,720,1080,0
4,45,4347,-23.840908,-46.737159,400,720,1080,0
4,46,17314,-23.720437,-46.687264,383,720,1080,0
4,47,960,-23.752665,-46.666792,1110,720,1080,0
4,48,18067,-23.690464,-46.678134,750,720,1080,0
4,49,18079,-23.795197,-46.738406,2250,480,720,0
4,50,12613,-23.693713,-46.710991,800,720,1080,0
4,51,1569,-23.749818,-46.701408,250,720,1080,0
4,52,16950,-23.743986,-46.710319,2200,720,1080,0
4,53,16039,-23.700392,-46.642832,550,720,1080,0
4,54,11719,-23.701208,-46.634834,500,480,720,0
4,55,16318,-23.68889,-46.673066,1450,480,720,0
4,56,11025,-23.822953,-46.685766,175,720,1080,0
4,57,1125,-23.738482,-46.689273,800,720,1080,0
4,58,1699,-23.744095,-46.706749,250,720,1080,0
4,59,8808,-23.761768,-46.6994,100,720,1080,0
4,60,4046,-23.679714,-46.679135,1100,720,1080,0
4,61,4601,-23.734667,-46.715697,193,480,720,0
4,62,5168,-23.685158,-46.657994,308,480,720,0
4,63,3481,-23.772559,-46.694756,3500,480,720,0
4,64,716,-23.690363,-46.659617,150,480,720,0
4,65,6659,-23.690464,-46.678134,150,720,1080,0
4,66,12291,-23.690506,-46.679484,400,720,1080,0
4,67,16490,-23.713167,-46.68734,150,720,1080,0
4,68,14920,-23.733587,-46.690568,950,720,1080,0
4,69,11245,-23.713167,-46.68734,450,720,1080,0
4,70,6884,-23.737211,-46.704952,14950,720,1080,0
4,71,13023,-23.691205,-46.664917,1825,720,1080,0
4,72,12259,-23.730506,-46.709315,3900,720,1080,0
4,73,8907,-23.67629,-46.669902,1700,720,1080,0
4,74,9268,-23.772559,-46.694756,50,720,1080,0
4,75,18967,-23.754962,-46.697178,150,720,1080,0
5,0,depot,-23.447913,-46.479886,0,0,1440,1
5,1,17741,-23.487413,-46.488698,10950,480,720,0
5,2,9643,-23.403855,-46.513241,2200,720,1080,0
5,3,1489,-23.424399,-46.527668,128,720,1080,0
5,4,3247,-23.488595,-46.459206,13400,720,1080,0
5,5,16826,-23.442874,-46.404721,200,480,720,0
5,6,5101,-23.451351,-46.522668,1350,480,720,0
5,7,16693,-23.460538,-46.515536,250,720,1080,0
5,8,11374,-23.447719,-46.517611,1600,720,1080,0
5,9,12833,-23.4608,-46.534699,15350,720,1080,0
5,10,18353,-23.509855,-46.501139,6050,720,1080,0
5,11,17824,-23.457578,-46.508052,2600,480,720,0
5,12,11264,-23.448156,-46.438687,1383,720,1080,0
5,13,9428,-23.399421,-46.39418,1383,720,1080,0
5,14,5720,-23.470041,-46.537702,200,480,720,0
5,15,18537,-23.432679,-46.435978,300,480,720,0
5,16,8389,-23.435049,-46.400104,800,720,1080,0
5,17,8504,-23.490515,-46.477252,150,720,1080,0
5,18,4011,-23.509855,-46.501139,1550,720,1080,0
5,19,12086,-23.488595,-46.459206,100,720,1080,0
5,20,10198,-23.449561,-46.534242,975,720,1080,0
5,21,16227,-23.46753,-46.529594,1500,720,1080,0
5,22,11580,-23.451425,-46.53916,584,720,1080,0
5,23,12997,-23.435772,-46.544689,250,720,1080,0
5,24,14454,-23.454893,-46.411726,1225,720,1080,0
5,25,1333,-23.43128,-46.534845,2033,720,1080,0
5,26,16570,-23.492108,-46.49212,296,480,720,0
5,27,2205,-23.445409,-46.467954,200,720,1080,0
5,28,4045,-23.456144,-46.4646,50,720,1080,0
5,29,11695,-23.43128,-46.534845,200,720,1080,0
5,30,18611,-23.40595,-46.49171,3000,720,1080,0
5,31,8972,-23.411457,-46.393207,173,480,720,0
5,32,1192,-23.506539,-46.503833,5200,480,720,0
5,33,1731,-23.417538,-46.462886,300,720,1080,0
5,34,486,-23.466012,-46.424697,400,720,1080,0
5,35,6978,-23.454135,-46.513258,767,480,720,0
5,36,15448,-23.442574,-46.506552,6084,480,720,0
5,37,18521,-23.447221,-46.427517,1130,480,720,0
5,38,17551,-23.398125,-46.43799,7800,720,1080,0
5,39,1314,-23.458648,-46.497026,5900,720,1080,0
5,40,6540,-23.442386,-46.521343,1850,720,1080,0
5,41,2134,-23.43128,-46.534845,4300,480,720,0
5,42,12435,-23.492108,-46.49212,100,720,1080,0
5,43,10677,-23.49256,-46.468332,500,720,1080,0
5,44,4821,-23.434501,-46.525203,400,480,720,0
5,45,4736,-23.48191,-46.494922,1875,720,1080,0
5,46,19175,-23.40595,-46.49171,2000,720,1080,0
5,47,13190,-23.399421,-46.39418,11325,720,1080,0
5,48,13103,-23.507327,-46.497116,150,720,1080,0
5,49,15175,-23.40595,-46.49171,350,480,720,0
5,50,9838,-23.467132,-46.464013,1500,480,720,0
5,51,15155,-23.447309,-46.502257,1300,720,1080,0
5,52,7802,-23.398125,-46.43799,210,480,720,0
5,53,6031,-23.429116,-46.506837,10600,720,1080,0
5,54,15644,-23.503586,-46.492217,150,720,1080,0
5,55,4662,-23.43128,-46.534845,300,720,1080,0
5,56,1989,-23.409686,-46.388689,100,720,1080,0
5,57,1416,-23.488595,-46.459206,5350,720,1080,0
5,58,11275,-23.425152,-46.421026,150,480,720,0
5,59,10413,-23.403855,-46.513241,3650,720,1080,0
5,60,14054,-23.413511,-46.496332,4267,720,1080,0
5,61,7650,-23.454828,-46.456769,9900,720,1080,0
5,62,12108,-23.509855,-46.501139,950,480,720,0
5,63,12798,-23.438739,-46.413766,800,720,1080,0
5,64,17161,-23.442386,-46.521343,2600,720,1080,0
5,65,12413,-23.408354,-46.455429,1750,720,1080,0
5,66,14157,-23.413511,-46.496332,1600,720,1080,0
5,67,6400,-23.458648,-46.497026,8200,720,1080,0
5,68,7457,-23.449561,-46.534242,250,720,1080,0
5,69,17200,-23.492108,-46.49212,400,720,1080,0
5,70,16531,-23.404523,-46.469859,12750,720,1080,0
5,71,3885,-23.442574,-46.506552,575,480,720,0
5,72,5725,-23.492108,-46.49212,50,480,720,0
5,73,13593,-23.458648,-46.497026,900,720,1080,0
5,74,13962,-23.489119,-46.48569,400,720,1080,0
5,75,1007,-23.420528,-46.502558,3475,720,1080,0
6,0,depot,-23.479745,-46.713314,0,0,1440,1
6,1,6610,-23.46767,-46.680339,250,480,720,0
6,2,4673,-23.500135,-46.675158,10225,720,1080,0
6,3,17076,-23.532949,-46.71185,5350,720,1080,0
6,4,7754,-23.473714,-46.687461,700,720,1080,0
6,5,16282,-23.500135,-46.675158,3100,480,720,0
6,6,1166,-23.507849,-46.730172,7600,480,720,0
6,7,562,-23.484015,-46.695282,900,720,1080,0
6,8,18398,-23.441941,-46.748026,1581,720,1080,0
6,9,141,-23.439631,-46.806199,2900,720,1080,0
6,10,7272,-23.514565,-46.707163,1100,720,1080,0
6,11,3333,-23.485233,-46.755742,157,480,720,0
6,12,8113,-23.486227,-46.677201,200,480,720,0
6,13,14150,-23.520018,-46.719062,600,720,1080,0
6,14,17614,-23.502266,-46.69773,325,720,1080,0
6,15,17873,-23.496698,-46.722315,550,720,1080,0
6,16,1263,-23.430376,-46.727378,20900,720,1080,0
6,17,15980,-23.443059,-46.738319,9375,720,1080,0
6,18,16176,-23.434048,-46.775064,575,480,720,0
6,19,13415,-23.412449,-46.749738,900,480,720,0
6,20,1058,-23.499106,-46.743993,1400,720,1080,0
6,21,19055,-23.415417,-46.747248,363,720,1080,0
6,22,11505,-23.434678,-46.750817,7900,720,1080,0
6,23,6925,-23.439804,-46.715536,250,720,1080,0
6,24,18549,-23.498555,-46.7522,1650,720,1080,0
6,25,5910,-23.490142,-46.758382,150,720,1080,0
6,26,18218,-23.478461,-46.748473,400,720,1080,0
6,27,6182,-23.487947,-46.752165,534,720,1080,0
6,28,2720,-23.501146,-46.748861,2300,720,1080,0
6,29,225,-23.478461,-46.748473,7000,720,1080,0
6,30,18123,-23.506049,-46.717377,200,720,1080,0
6,31,12120,-23.527073,-46.70682,975,480,720,0
6,32,10463,-23.498476,-46.695493,250,720,1080,0
6,33,2761,-23.523135,-46.709257,150,480,720,0
6,34,130,-23.468304,-46.692487,4700,720,1080,0
6,35,8741,-23.494205,-46.673593,250,480,720,0
6,36,396,-23.474077,-46.756666,450,720,1080,0
6,37,1086,-23.525695,-46.701802,460,480,720,0
6,38,1056,-23.498769,-46.692457,375,720,1080,0
6,39,14464,-23.432767,-46.720828,1150,720,1080,0
6,40,17345,-23.435702,-46.72744,1050,720,1080,0
6,41,1438,-23.480859,-46.723132,3800,720,1080,0
6,42,12279,-23.471675,-46.687793,15350,720,1080,0
6,43,5651,-23.522871,-46.702756,600,480,720,0
6,44,11533,-23.516527,-46.687371,200,480,720,0
6,45,6030,-23.499209,-46.665982,584,480,720,0
6,46,1290,-23.507849,-46.730172,650,720,1080,0
6,47,15844,-23.474077,-46.756666,100,720,1080,0
6,48,12222,-23.523135,-46.709257,188,720,1080,0
6,49,11972,-23.432767,-46.720828,10400,480,720,0
6,50,10120,-23.489976,-46.72118,7000,720,1080,0
6,51,742,-23.446631,-46.799847,150,480,720,0
6,52,2918,-23.49341,-46.740703,600,720,1080,0
6,53,18752,-23.500925,-46.6776,3208,720,1080,0
6,54,196,-23.441941,-46.748026,1200,480,720,0
6,55,2291,-23.435702,-46.72744,150,720,1080,0
6,56,1411,-23.40967,-46.764343,450,720,1080,0
6,57,14798,-23.504466,-46.73615,300,480,720,0
6,58,15293,-23.471181,-46.694603,300,480,720,0
6,59,16390,-23.435702,-46.72744,350,720,1080,0
6,60,5388,-23.459851,-46.691648,8566,720,1080,0
6,61,3998,-23.466662,-46.672276,10250,720,1080,0
6,62,2609,-23.482574,-46.675129,5350,720,1080,0
6,63,15393,-23.496698,-46.722315,11250,720,1080,0
6,64,767,-23.49135,-46.744086,8150,720,1080,0
6,65,11261,-23.527073,-46.70682,250,720,1080,0
6,66,4468,-23.493514,-46.717495,625,720,1080,0
6,67,10652,-23.495922,-46.701469,1383,480,720,0
6,68,7262,-23.475165,-46.74099,1050,720,1080,0
6,69,6550,-23.520219,-46.705664,1550,480,720,0
6,70,13371,-23.443067,-46.708175,5825,720,1080,0
6,71,2769,-23.473714,-46.687461,250,720,1080,0
6,72,1571,-23.506049,-46.717377,1100,720,1080,0
6,73,15063,-23.506049,-46.717377,150,720,1080,0
6,74,7924,-23.502266,-46.69773,200,480,720,0
6,75,13805,-23.495541,-46.717102,9000,480,720,0
7,0,depot,-23.480494,-46.599845,0,0,1440,1
7,1,10935,-23.503853,-46.554911,1291,720,1080,0
7,2,3071,-23.472728,-46.538989,2350,480,720,0
7,3,1418,-23.458981,-46.618595,100,720,1080,0
7,4,1867,-23.460252,-46.565686,569,720,1080,0
7,5,12493,-23.481198,-46.607775,30000,720,1080,0
7,6,2673,-23.478654,-46.588744,250,720,1080,0
7,7,14478,-23.48536,-46.624284,900,720,1080,0
7,8,1231,-23.480325,-46.578606,3800,480,720,0
7,9,8641,-23.484588,-46.552004,1032,720,1080,0
7,10,668,-23.463561,-46.585746,175,720,1080,0
7,11,7341,-23.49114,-46.637255,1900,720,1080,0
7,12,16599,-23.495204,-46.58944,1825,720,1080,0
7,13,12384,-23.402461,-46.579237,1300,720,1080,0
7,14,4743,-23.509264,-46.603517,5500,480,720,0
7,15,15411,-23.516648,-46.607015,800,480,720,0
7,16,13151,-23.467734,-46.586885,9813,720,1080,0
7,17,10029,-23.469039,-46.615519,250,720,1080,0
7,18,11556,-23.46659,-46.639282,250,720,1080,0
7,19,6980,-23.44717,-46.557965,450,720,1080,0
7,20,7401,-23.504169,-46.637687,3000,480,720,0
7,21,18190,-23.479241,-46.625559,330,720,1080,0
7,22,18621,-23.464392,-46.540897,650,720,1080,0
7,23,16756,-23.462003,-46.65632,300,720,1080,0
7,24,1095,-23.462967,-46.649551,2100,720,1080,0
7,25,13982,-23.461525,-46.599164,200,480,720,0
7,26,2042,-23.475422,-46.587293,463,720,1080,0
7,27,2762,-23.472852,-46.647491,250,720,1080,0
7,28,4755,-23.467962,-46.577858,887,480,720,0
7,29,6773,-23.491579,-46.611623,4338,720,1080,0
7,30,11904,-23.477206,-46.640097,50,720,1080,0
7,31,12566,-23.455718,-46.620577,150,720,1080,0
7,32,17302,-23.475905,-46.604512,150,720,1080,0
7,33,5014,-23.490461,-46.580842,500,720,1080,0
7,34,3853,-23.451386,-46.611645,7625,480,720,0
7,35,14145,-23.474758,-46.569222,638,720,1080,0
7,36,2600,-23.472523,-46.568161,6372,720,1080,0
7,37,4004,-23.481427,-46.553329,900,720,1080,0
7,38,9974,-23.45351,-46.566617,825,720,1080,0
7,39,1873,-23.473127,-46.637342,250,720,1080,0
7,40,2887,-23.491579,-46.611623,471,720,1080,0
7,41,11932,-23.447492,-46.58919,1100,720,1080,0
7,42,8855,-23.502005,-46.620351,1550,720,1080,0
7,43,15431,-23.47768,-46.598802,584,720,1080,0
7,44,9743,-23.497893,-46.576425,400,720,1080,0
7,45,17530,-23.495785,-46.62241,250,480,720,0
7,46,10300,-23.510427,-46.601179,1850,720,1080,0
7,47,15177,-23.470376,-46.628812,1500,720,1080,0
7,48,8452,-23.459733,-46.624523,304,720,1080,0
7,49,14459,-23.491579,-46.611623,200,720,1080,0
7,50,18957,-23.470792,-46.637503,150,480,720,0
7,51,7517,-23.473127,-46.637342,10400,720,1080,0
7,52,2739,-23.499879,-46.620585,5800,720,1080,0
7,53,9855,-23.456905,-46.649764,325,480,720,0
7,54,6168,-23.491064,-46.586451,200,480,720,0
7,55,8040,-23.508716,-46.583543,895,480,720,0
7,56,12355,-23.476674,-46.545044,180,480,720,0
7,57,7644,-23.525414,-46.605091,6150,720,1080,0
7,58,13878,-23.481604,-46.652384,650,720,1080,0
7,59,38,-23.490653,-46.653451,3050,720,1080,0
7,60,2610,-23.457938,-46.592642,651,480,720,0
7,61,10062,-23.516497,-46.567823,1000,720,1080,0
7,62,2261,-23.508716,-46.583543,900,720,1080,0
7,63,11890,-23.518808,-46.593817,300,720,1080,0
7,64,18467,-23.498987,-46.611813,400,720,1080,0
7,65,4185,-23.462967,-46.649551,500,480,720,0
7,66,15982,-23.451475,-46.557386,600,480,720,0
7,67,13010,-23.496703,-46.61657,250,720,1080,0
7,68,15524,-23.482367,-46.577425,150,720,1080,0
7,69,6839,-23.490412,-46.577944,250,720,1080,0
7,70,18954,-23.530384,-46.609853,23400,480,720,0
7,71,3279,-23.473126,-46.643675,200,720,1080,0
7,72,18576,-23.476244,-46.655173,5950,720,1080,0
7,73,13165,-23.499253,-46.57849,150,720,1080,0
7,74,11224,-23.486412,-46.617211,50,720,1080,0
7,75,9005,-23.499068,-46.642018,1700,480,720,0
8,0,depot,-23.688319,-46.543115,0,0,1440,1
8,1,14874,-23.727205,-46.559851,100,720,1080,0
8,2,15468,-23.701715,-46.512672,400,720,1080,0
8,3,10787,-23.691027,-46.504558,1350,720,1080,0
8,4,6081,-23.666666,-46.549537,2100,480,720,0
8,5,3354,-23.641877,-46.501961,350,720,1080,0
8,6,3295,-23.701715,-46.512672,1750,720,1080,0
8,7,439,-23.685734,-46.561585,2800,720,1080,0
8,8,16233,-23.710015,-46.581744,100,480,720,0
8,9,18678,-23.753179,-46.594323,350,720,1080,0
8,10,6812,-23.710735,-46.549281,450,720,1080,0
8,11,7556,-23.734006,-46.575351,100,480,720,0
8,12,4243,-23.757162,-46.530522,1083,720,1080,0
8,13,2293,-23.651046,-46.559673,300,480,720,0
8,14,1740,-23.641517,-46.542105,550,480,720,0
8,15,13432,-23.674107,-46.59123,200,720,1080,0
8,16,15100,-23.631232,-46.495905,100,480,720,0
8,17,13187,-23.654216,-46.566873,350,720,1080,0
8,18,1372,-23.662472,-46.564177,400,720,1080,0
8,19,4705,-23.701554,-46.582891,350,480,720,0
8,20,9920,-23.719823,-46.564918,300,720,1080,0
8,21,2933,-23.705405,-46.569924,9950,720,1080,0
8,22,13375,-23.708509,-46.542855,250,480,720,0
8,23,10570,-23.670474,-46.491082,750,720,1080,0
8,24,18090,-23.69436,-46.523334,300,720,1080,0
8,25,11984,-23.638749,-46.492312,250,720,1080,0
8,26,1060,-23.63038,-46.506802,550,720,1080,0
8,27,4080,-23.705405,-46.569924,400,720,1080,0
8,28,4842,-23.727299,-46.542631,300,720,1080,0
8,29,7998,-23.673746,-46.53831,100,720,1080,0
8,30,6451,-23.73653,-46.594076,342,480,720,0
8,31,10220,-23.709585,-46.509239,438,720,1080,0
8,32,2097,-23.705405,-46.569924,1383,720,1080,0
8,33,17775,-23.662567,-46.527411,14950,720,1080,0
8,34,16210,-23.703917,-46.566332,3200,720,1080,0
8,35,10880,-23.726508,-46.579966,500,720,1080,0
8,36,7283,-23.683179,-46.536114,900,720,1080,0
8,37,9548,-23.672225,-46.555776,150,720,1080,0
8,38,3391,-23.726508,-46.579966,3400,720,1080,0
8,39,17869,-23.740626,-46.53052,500,720,1080,0
8,40,11155,-23.727205,-46.559851,950,720,1080,0
8,41,12231,-23.691772,-46.54455,500,720,1080,0
8,42,6365,-23.628034,-46.473574,2400,720,1080,0
8,43,4999,-23.666666,-46.549537,300,480,720,0
8,44,686,-23.638749,-46.492312,1175,720,1080,0
8,45,15941,-23.682701,-46.575832,600,720,1080,0
8,46,5259,-23.793075,-46.538863,250,720,1080,0
8,47,16689,-23.666666,-46.549537,550,720,1080,0
8,48,9712,-23.740626,-46.53052,750,720,1080,0
8,49,17301,-23.707854,-46.55618,325,480,720,0
8,50,16177,-23.661003,-46.566641,20026,720,1080,0
8,51,16387,-23.668751,-46.527123,1500,720,1080,0
8,52,1233,-23.641517,-46.542105,2650,720,1080,0
8,53,17051,-23.661003,-46.566641,290,480,720,0
8,54,12320,-23.740965,-46.554997,100,480,720,0
8,55,8005,-23.726508,-46.579966,350,480,720,0
8,56,865,-23.668751,-46.527123,1850,720,1080,0
8,57,4519,-23.708509,-46.542855,100,720,1080,0
8,58,2373,-23.715461,-46.591243,1250,720,1080,0
8,59,5129,-23.705405,-46.569924,114,720,1080,0
8,60,4188,-23.740965,-46.554997,450,720,1080,0
8,61,11210,-23.727205,-46.559851,550,720,1080,0
8,62,4534,-23.686985,-46.552552,12850,480,720,0
8,63,15066,-23.691027,-46.504558,175,720,1080,0
8,64,9261,-23.667585,-46.49216,16450,480,720,0
8,65,5686,-23.758929,-46.600124,9025,720,1080,0
8,66,7002,-23.70816,-46.526714,675,720,1080,0
8,67,16951,-23.701554,-46.582891,30000,720,1080,0
8,68,6497,-23.662176,-46.534646,17100,720,1080,0
8,69,812,-23.694704,-46.511497,10975,720,1080,0
8,70,7852,-23.679574,-46.518634,1000,720,1080,0
8,71,1008,-23.665948,-46.564601,550,480,720,0
8,72,14056,-23.655731,-46.574973,200,720,1080,0
8,73,13787,-23.658379,-46.58046,1000,480,720,0
8,74,7069,-23.631232,-46.495905,150,480,720,0
8,75,12167,-23.631843,-46.467107,1650,480,720,0
9,0,depot,-23.649502,-46.742499,0,0,1440,1
9,1,3086,-23.697852,-46.775501,2600,480,720,0
9,2,9062,-23.620254,-46.761643,541,480,720,0
9,3,2555,-23.654135,-46.748714,200,480,720,0
9,4,12625,-23.634475,-46.732189,2300,720,1080,0
9,5,13918,-23.642034,-46.752175,1400,720,1080,0
9,6,4390,-23.651403,-46.767704,1850,720,1080,0
9,7,13122,-23.643745,-46.759758,1350,720,1080,0
9,8,15134,-23.656914,-46.780272,700,720,1080,0
9,9,2482,-23.626508,-46.729985,1450,720,1080,0
9,10,18455,-23.670774,-46.685675,800,720,1080,0
9,11,12401,-23.611957,-46.743571,584,720,1080,0
9,12,700,-23.614283,-46.740868,530,480,720,0
9,13,15934,-23.596146,-46.730158,900,720,1080,0
9,14,10238,-23.63204,-46.702999,253,720,1080,0
9,15,17102,-23.646812,-46.703822,11000,720,1080,0
9,16,12987,-23.598334,-46.717015,19450,720,1080,0
9,17,13027,-23.612497,-46.725576,700,720,1080,0
9,18,15410,-23.677723,-46.797782,50,720,1080,0
9,19,3641,-23.658944,-46.691788,3650,720,1080,0
9,20,4440,-23.674944,-46.761347,350,480,720,0
9,21,18849,-23.627407,-46.739261,16000,480,720,0
9,22,11826,-23.690264,-46.77885,4050,720,1080,0
9,23,1738,-23.672145,-46.74725,250,720,1080,0
9,24,13108,-23.700013,-46.765789,1501,720,1080,0
9,25,311,-23.678012,-46.765741,10700,720,1080,0
9,26,8974,-23.621372,-46.756787,2900,720,1080,0
9,27,2725,-23.705144,-46.748197,541,720,1080,0
9,28,14693,-23.632604,-46.7602,1084,480,720,0
9,29,165,-23.704907,-46.78755,4381,720,1080,0
9,30,7008,-23.671512,-46.775828,1850,720,1080,0
9,31,3602,-23.702759,-46.781543,7433,720,1080,0
9,32,13293,-23.680171,-46.78383,100,720,1080,0
9,33,2180,-23.635808,-46.713686,825,720,1080,0
9,34,11295,-23.657594,-46.698906,200,720,1080,0
9,35,13331,-23.697351,-46.793856,750,720,1080,0
9,36,13450,-23.672145,-46.74725,342,720,1080,0
9,37,583,-23.650709,-46.699498,30000,720,1080,0
9,38,14328,-23.630306,-46.7661,425,720,1080,0
9,39,17731,-23.642105,-46.714073,3100,480,720,0
9,40,18765,-23.640827,-46.700283,100,720,1080,0
9,41,3784,-23.663028,-46.689453,1250,720,1080,0
9,42,6379,-23.630743,-46.706449,300,480,720,0
9,43,10864,-23.633015,-46.706894,1200,720,1080,0
9,44,12706,-23.685984,-46.760842,1000,720,1080,0
9,45,8514,-23.690264,-46.77885,900,720,1080,0
9,46,193,-23.66984,-46.718439,275,720,1080,0
9,47,9527,-23.603384,-46.729701,1110,480,720,0
9,48,9742,-23.691995,-46.790776,483,720,1080,0
9,49,14951,-23.632604,-46.7602,150,720,1080,0
9,50,4339,-23.685713,-46.714992,475,720,1080,0
9,51,6625,-23.658153,-46.759698,400,480,720,0
9,52,5030,-23.627798,-46.724271,500,480,720,0
9,53,19032,-23.691995,-46.790776,150,480,720,0
9,54,9536,-23.651403,-46.767704,250,480,720,0
9,55,16802,-23.627027,-46.701364,525,720,1080,0
9,56,19045,-23.647272,-46.734993,188,480,720,0
9,57,14241,-23.645376,-46.76869,500,720,1080,0
9,58,6482,-23.608349,-46.735364,200,720,1080,0
9,59,11587,-23.666016,-46.757745,2050,480,720,0
9,60,14151,-23.598482,-46.740921,173,720,1080,0
9,61,7700,-23.685984,-46.760842,1100,720,1080,0
9,62,15328,-23.631055,-46.754122,700,480,720,0
9,63,6357,-23.640331,-46.69735,820,720,1080,0
9,64,10124,-23.661568,-46.735951,314,720,1080,0
9,65,10668,-23.652195,-46.784174,150,720,1080,0
9,66,15870,-23.637621,-46.736682,351,720,1080,0
9,67,17955,-23.624298,-46.755255,1400,720,1080,0
9,68,12974,-23.668972,-46.702512,1800,720,1080,0
9,69,1041,-23.620676,-46.717023,200,720,1080,0
9,70,9515,-23.659707,-46.707796,300,720,1080,0
9,71,5711,-23.71624,-46.779742,150,720,1080,0
9,72,593,-23.634374,-46.745952,900,720,1080,0
9,73,2324,-23.628839,-46.763699,800,720,1080,0
9,74,4301,-23.646787,-46.782839,610,720,1080,0
9,75,9343,-23.662545,-46.752268,250,480,720,0
10,0,depot,-23.619685,-46.644689,0,0,1440,1
10,1,10969,-23.601389,-46.701612,217,720,1080,0
10,2,17431,-23.596029,-46.675767,600,720,1080,0
10,3,5263,-23.596029,-46.675767,2600,720,1080,0
10,4,7663,-23.625675,-46.60675,2000,720,1080,0
10,5,13040,-23.65728,-46.601671,900,720,1080,0
10,6,11232,-23.645757,-46.66867,1400,720,1080,0
10,7,3331,-23.601594,-46.630412,770,720,1080,0
10,8,12072,-23.655546,-46.673286,300,480,720,0
10,9,4039,-23.597426,-46.634962,650,720,1080,0
10,10,4287,-23.610881,-46.683085,350,720,1080,0
10,11,4072,-23.601962,-46.608607,200,720,1080,0
10,12,1059,-23.617821,-46.637416,475,480,720,0
10,13,9673,-23.621399,-46.603648,21675,480,720,0
10,14,2375,-23.608558,-46.613332,1200,480,720,0
10,15,3239,-23.657453,-46.612406,150,720,1080,0
10,16,1271,-23.608783,-46.661186,1400,720,1080,0
10,17,4863,-23.642496,-46.608273,1500,720,1080,0
10,18,6587,-23.640985,-46.670739,1550,720,1080,0
10,19,18293,-23.603981,-46.643634,200,480,720,0
10,20,2010,-23.67047,-46.637995,250,480,720,0
10,21,11470,-23.62581,-46.59697,11875,480,720,0
10,22,682,-23.654115,-46.594801,150,720,1080,0
10,23,7446,-23.594892,-46.629058,1900,720,1080,0
10,24,10551,-23.664405,-46.605956,1450,720,1080,0
10,25,10056,-23.605677,-46.659546,900,720,1080,0
10,26,339,-23.625675,-46.60675,1000,720,1080,0
10,27,7377,-23.604241,-46.693814,200,480,720,0
10,28,9988,-23.652161,-46.602828,1350,720,1080,0
10,29,16662,-23.605747,-46.658952,600,720,1080,0
10,30,9488,-23.600936,-46.644313,400,480,720,0
10,31,13754,-23.59795,-46.662359,800,720,1080,0
10,32,11314,-23.617639,-46.638981,300,480,720,0
10,33,3535,-23.635117,-46.603404,1825,720,1080,0
10,34,14804,-23.605677,-46.659546,1833,480,720,0
10,35,18804,-23.632244,-46.685387,350,720,1080,0
10,36,15426,-23.660297,-46.679511,750,720,1080,0
10,37,17910,-23.605747,-46.658952,500,720,1080,0
10,38,11547,-23.631303,-46.619273,145,480,720,0
10,39,17107,-23.632721,-46.640537,200,720,1080,0
10,40,11672,-23.647024,-46.666335,1000,720,1080,0
10,41,13430,-23.611664,-46.68177,2000,720,1080,0
10,42,5365,-23.614805,-46.635104,925,720,1080,0
10,43,12347,-23.59033,-46.631751,3900,720,1080,0
10,44,18114,-23.636557,-46.638829,943,720,1080,0
10,45,17106,-23.623321,-46.688616,16400,720,1080,0
10,46,1486,-23.608243,-46.694666,400,480,720,0
10,47,4935,-23.594321,-46.645325,400,720,1080,0
10,48,7668,-23.635117,-46.603404,250,720,1080,0
10,49,10508,-23.645757,-46.66867,900,720,1080,0
10,50,7418,-23.607222,-46.622522,175,720,1080,0
10,51,15077,-23.603187,-46.621041,16167,720,1080,0
10,52,15823,-23.602854,-46.633481,1200,720,1080,0
10,53,2656,-23.636182,-46.670016,200,720,1080,0
10,54,15051,-23.600608,-46.68419,200,720,1080,0
10,55,8904,-23.633385,-46.5916,2500,480,720,0
10,56,13394,-23.605747,-46.658952,500,720,1080,0
10,57,8878,-23.607466,-46.627408,225,720,1080,0
10,58,12795,-23.599387,-46.683661,600,720,1080,0
10,59,6517,-23.617639,-46.638981,150,720,1080,0
10,60,12094,-23.65158,-46.668046,4900,720,1080,0
10,61,714,-23.594791,-46.68693,9350,480,720,0
10,62,4911,-23.613259,-46.599423,400,720,1080,0
10,63,14575,-23.602705,-46.644763,1207,720,1080,0
10,64,11152,-23.637087,-46.612645,1050,720,1080,0
10,65,1808,-23.602705,-46.644763,21300,720,1080,0
10,66,9529,-23.636557,-46.638829,444,480,720,0
10,67,15652,-23.588086,-46.643442,583,720,1080,0
10,68,13966,-23.632721,-46.640537,250,720,1080,0
10,69,14763,-23.619501,-46.676812,8750,480,720,0
10,70,7615,-23.660297,-46.679511,450,720,1080,0
10,71,18817,-23.627003,-46.636752,750,480,720,0
10,72,7337,-23.645615,-46.650166,6750,480,720,0
10,73,8417,-23.656472,-46.647237,200,720,1080,0
10,74,3712,-23.676844,-46.638809,220,720,1080,0
10,75,8599,-23.60093,-46.671519,4200,480,720,0
