vehicle_id,node_idx,node_id,lat,lon,cumulative_distance_km,zone_id
8,0,depot,-23.563536,-46.543798,1.615,0
8,24,6909,-23.549051797391655,-46.54498452331353,4.393,0
8,13,3308,-23.538886538302837,-46.520095510271766,4.976,0
8,33,12062,-23.534514,-46.52324972002136,9.014,0
8,22,6683,-23.52731184179699,-46.56207954119767,12.145,0
8,26,7527,-23.5554593052975,-46.56250633736248,17.212,0
8,12,2932,-23.59882716180968,-46.54722998112987,17.942,0
8,28,9543,-23.602318297665775,-46.541161101506155,22.187,0
8,5,1021,-23.621427146546235,-46.50509772245941,25.363,0
8,21,6658,-23.596446321397657,-46.520222864837805,25.891,0
8,37,13406,-23.600587452954596,-46.51769673001902,26.569,0
8,52,18864,-23.59458809459781,-46.51648102553523,27.275,0
8,46,16610,-23.591046185123204,-46.51073435276126,30.052,0
8,20,5314,-23.568369841052455,-46.52214825721335,30.418,0
8,4,838,-23.56972517425462,-46.525425424149994,30.418,0
8,29,10289,-23.56972517425462,-46.525425424149994,32.286,0
8,53,19005,-23.575449467943912,-46.54265940605341,33.814,0
8,35,13193,-23.586381031363597,-46.551741197198325,34.662,0
8,8,1914,-23.59399496820805,-46.55209142714523,35.519,0
8,18,3772,-23.601201453517177,-46.54908781571352,36.185,0
8,15,3638,-23.59802949673051,-46.543542836661096,37.027,0
8,2,444,-23.59064857146978,-46.541716024842735,39.624,0
8,25,7437,-23.60695263252354,-46.523467523053725,41.15,0
8,45,16277,-23.616358239800338,-46.51255702039933,42.096,0
8,32,11546,-23.621427146546235,-46.50509772245941,43.306,0
8,14,3597,-23.61937640770624,-46.49343235762367,44.517,0
8,34,12939,-23.620468002221696,-46.48161159977497,45.994,0
8,16,3689,-23.60935754954124,-46.489552176798995,46.878,0
8,51,18310,-23.606004570658676,-46.48168087852869,49.068,0
8,44,16074,-23.58731704108712,-46.48847306258296,51.498,0
8,9,2315,-23.56565346572221,-46.49155818151653,52.532,0
8,48,17131,-23.557936798228372,-46.49722705023374,53.581,0
8,39,14587,-23.556704794059105,-46.50743201276761,54.796,0
8,17,3755,-23.549529939494484,-46.516425102833374,56.389,0
8,19,3966,-23.538359210932555,-46.50664480099833,57.655,0
8,43,16054,-23.527202888424043,-46.50418226181159,58.217,0
8,7,1663,-23.522749239800333,-46.50679016007846,59.366,0
8,38,13706,-23.512735889072346,-46.50959168913392,62.418,0
8,30,10529,-23.534804735212703,-46.52737625624673,65.068,0
8,31,11363,-23.54029910297761,-46.55267675214958,66.22,0
8,1,352,-23.530453669715538,-46.55620020996593,66.554,0
8,40,14724,-23.52810085567546,-46.55822429309247,67.266,0
8,27,9166,-23.5308241992758,-46.564551750224425,70.162,0
8,50,17907,-23.53922405912052,-46.59143579156327,71.297,0
8,3,661,-23.54884141326677,-46.59518233236193,72.022,0
8,47,16722,-23.55531585498297,-46.5943762934965,73.038,0
8,41,14736,-23.562214532892817,-46.600915018075554,73.957,0
8,54,19060,-23.568397334439407,-46.594926047319525,75.284,0
8,49,17859,-23.56336681736947,-46.58312135789717,77.664,0
8,23,6854,-23.58474495679707,-46.58430283693359,78.545,0
8,42,15686,-23.592408816456533,-46.58212866064204,81.116,0
8,10,2338,-23.57725027484645,-46.563080019752505,82.224,0
8,11,2432,-23.567368436574057,-46.561670691599474,84.208,0
8,6,1201,-23.569351574528195,-46.54232710961854,84.463,0
8,36,13351,-23.56705512685216,-46.54226295045876,84.885,0
8,0,depot,-23.553947,-46.658448,0.677,1
8,71,2073,-23.547859868168935,-46.658684483755614,2.819,1
8,51,12464,-23.53816275104938,-46.67683522468111,3.492,1
8,23,3023,-23.53455394976627,-46.68213637745976,4.864,1
8,53,2994,-23.52949102553522,-46.69441048557327,5.191,1
8,9,14437,-23.530825010964268,-46.69727096142303,5.814,1
8,42,2941,-23.532287647238732,-46.70317225867044,6.122,1
8,64,4808,-23.534084958559667,-46.70088217208146,7.985,1
8,17,2006,-23.544731000836723,-46.68676936635128,9.29,1
8,11,8193,-23.55327938800568,-46.695541202380284,9.607,1
8,32,15462,-23.551963325798734,-46.69829745974958,13.999,1
8,22,13136,-23.589532885654087,-46.71162076379026,18.639,1
8,75,5966,-23.559253304960237,-46.68029661309511,18.846,1
8,7,11500,-23.56075261449015,-46.67910014042939,21.154,1
8,20,15970,-23.56442600742329,-46.65680586903512,22.386,1
8,43,253,-23.565974071325552,-46.64484410309317,23.642,1
8,73,15837,-23.555771764343227,-46.639553016612446,23.642,1
8,15,8150,-23.555771764343227,-46.639553016612446,25.655,1
8,28,4315,-23.555474496537553,-46.61980219900167,26.973,1
8,37,6347,-23.548520451295477,-46.6093393380461,28.837,1
8,54,8557,-23.531820448929544,-46.61097274285875,31.765,1
8,3,2241,-23.539369243407013,-46.638486209821714,33.166,1
8,44,8563,-23.53151235913791,-46.64923040487045,34.349,1
8,2,14369,-23.541700665229538,-46.65257086372554,34.85,1
8,67,5959,-23.54385853621104,-46.64825318186277,35.291,1
8,40,7977,-23.547802863696884,-46.64783924999999,36.282,1
8,65,16353,-23.54677167554392,-46.65749567638062,36.67,1
8,27,9412,-23.543513068267124,-46.658854865658775,37.205,1
8,62,14341,-23.539113681372296,-46.65672261893353,38.008,1
8,68,870,-23.53696646891052,-46.66424678602334,38.493,1
8,39,16587,-23.536014182613048,-46.66888585042401,39.338,1
8,19,2939,-23.53816275104938,-46.67683522468111,39.642,1
8,60,211,-23.53705271494464,-46.67955799932098,39.642,1
8,4,5375,-23.53705271494464,-46.67955799932098,40.097,1
8,29,9171,-23.53465951956261,-46.68318834026778,40.706,1
8,63,8663,-23.533493982514855,-46.68901715918395,41.598,1
8,16,5627,-23.530825010964268,-46.69727096142303,43.094,1
8,72,6780,-23.543978039708083,-46.69417000822423,43.29,1
8,52,3978,-23.54512680986941,-46.69271639253138,44.428,1
8,24,5516,-23.542531082982304,-46.68191419135562,44.722,1
8,47,17349,-23.541830575220686,-46.67913146606285,46.55,1
8,59,11634,-23.55768183319866,-46.67439878253224,47.891,1
8,58,15143,-23.56091199537032,-46.687079402094646,48.145,1
8,66,12583,-23.56196060560334,-46.689287097005,49.081,1
8,35,14659,-23.55758096863639,-46.6971332529863,49.767,1
8,56,12750,-23.56369116180969,-46.69803053996195,53.005,1
8,50,16127,-23.58838403941368,-46.68118004657522,53.885,1
8,46,1266,-23.58281037829649,-46.67504969401001,54.293,1
8,41,11829,-23.579621632812007,-46.67306332431184,56.604,1
8,61,5,-23.57224645520286,-46.651870744243745,56.604,1
8,14,3871,-23.57224645520286,-46.651870744243745,57.916,1
8,8,14074,-23.563294082982303,-46.64348420621503,58.964,1
8,33,10284,-23.5688472717122,-46.635170023457746,59.882,1
8,1,4858,-23.567731265755775,-46.626243530931966,61.416,1
8,26,3948,-23.567724104362597,-46.61119233625707,62.474,1
8,25,600,-23.559013992121344,-46.6153654505723,63.793,1
8,31,13106,-23.548520451295477,-46.6093393380461,64.659,1
8,69,9800,-23.546628355819692,-46.6175866110277,66.13,1
8,18,18203,-23.55166351540767,-46.63093168887411,66.724,1
8,36,5731,-23.54774227061568,-46.63488111172018,68.128,1
8,57,3456,-23.535453394396647,-46.63170629156326,70.477,1
8,21,9968,-23.520905455450425,-46.64840659893825,72.256,1
8,5,14577,-23.52011919677996,-46.66584000098096,72.584,1
8,49,10259,-23.51877961656762,-46.668707598923476,74.458,1
8,12,205,-23.531294001384985,-46.656404093946584,74.839,1
8,70,9431,-23.528899184286484,-46.653736572999,75.456,1
8,13,9457,-23.532545509160926,-46.64917499278664,76.277,1
8,6,1635,-23.536609489728185,-46.64244480598998,76.656,1
8,38,4163,-23.540014461697165,-46.64255169727044,77.242,1
8,48,17490,-23.54488036525475,-46.64032833172723,78.138,1
8,10,18104,-23.552916506520862,-46.63970305438866,79.22,1
8,74,2970,-23.556049111529205,-46.64974666729382,79.577,1
8,30,11604,-23.555909891482465,-46.65324841993188,80.261,1
8,55,16254,-23.561264556754605,-46.6565542389636,80.969,1
8,34,9545,-23.55936593311784,-46.66318410115993,81.507,1
8,45,6235,-23.555200641958606,-46.66050841271853,81.759,1
8,0,depot,-23.536945,-46.440287,2.141,2
8,12,4851,-23.55366239523337,-46.4506999200761,3.567,2
8,57,16055,-23.56127544240869,-46.461969257046256,4.98,2
8,50,13236,-23.561779395363267,-46.47581652435226,8.938,2
8,49,13224,-23.52654805689883,-46.470250561197986,9.935,2
8,1,1168,-23.53020479226018,-46.46133008992108,9.935,2
8,42,10992,-23.53020479226018,-46.46133008992108,11.302,2
8,32,9229,-23.521612107132555,-46.45173418220901,11.302,2
8,37,9492,-23.521612107132555,-46.45173418220901,13.403,2
8,31,8578,-23.52960143498142,-46.43306049653755,14.477,2
8,59,16513,-23.525928445809033,-46.42331801276761,14.477,2
8,23,7438,-23.525928445809033,-46.42331801276761,18.595,2
8,29,8409,-23.515929819498652,-46.38442694097974,20.513,2
8,43,11050,-23.52950364869192,-46.39602647668647,21.935,2
8,10,3802,-23.53429039869583,-46.40896852400602,21.935,2
8,56,15518,-23.53429039869583,-46.40896852400602,25.359,2
8,64,18715,-23.56261319494366,-46.42215450874258,28.991,2
8,38,9584,-23.58842508053926,-46.400317814599866,35.678,2
8,2,1473,-23.612151111575955,-46.46061464709449,38.389,2
8,55,15514,-23.631443999999995,-46.44433953212821,38.389,2
8,8,3189,-23.631443999999995,-46.44433953212821,41.051,2
8,7,2701,-23.611780236467784,-46.42944024103548,42.781,2
8,11,4094,-23.597059321816026,-46.42393709638021,45.298,2
8,60,16552,-23.606234096460447,-46.44652093991286,46.194,2
8,44,11574,-23.601163594090814,-46.45334981108343,48.041,2
8,62,17133,-23.61393187580963,-46.4649462867267,53.002,2
8,20,6416,-23.57130234332621,-46.47930265361119,54.119,2
8,3,1548,-23.561779395363267,-46.47581652435226,55.531,2
8,63,18122,-23.56127544240869,-46.461969257046256,55.531,2
8,52,13817,-23.56127544240869,-46.461969257046256,56.958,2
8,61,16712,-23.55366239523337,-46.4506999200761,57.746,2
8,54,15469,-23.54728786526333,-46.45407726810551,59.315,2
8,33,9305,-23.537648462115527,-46.46532176686477,60.238,2
8,19,6226,-23.53020479226018,-46.46133008992108,61.234,2
8,13,5080,-23.52654805689883,-46.470250561197986,61.234,2
8,40,10747,-23.52654805689883,-46.470250561197986,62.059,2
8,5,2178,-23.532730842215358,-46.47473002631366,63.501,2
8,6,2693,-23.542106217871797,-46.48449763988115,64.373,2
8,36,9455,-23.53427773688614,-46.483931310286145,65.664,2
8,15,5743,-23.523772565271575,-46.47854706155314,68.433,2
8,39,10237,-23.499367396618357,-46.473125500144235,70.383,2
8,22,7200,-23.51095281071334,-46.45877560283338,71.769,2
8,45,12243,-23.521612107132555,-46.45173418220901,72.436,2
8,30,8485,-23.523153631975287,-46.44540787343005,72.436,2
8,25,7589,-23.523153631975287,-46.44540787343005,72.436,2
8,18,6060,-23.523153631975287,-46.44540787343005,74.379,2
8,9,3722,-23.517932266160944,-46.42721775000001,75.728,2
8,27,7743,-23.507709684430715,-46.43432963308613,76.576,2
8,4,1852,-23.500115235082802,-46.43507516395927,78.889,2
8,14,5575,-23.48567220483005,-46.41874072189959,80.815,2
8,21,6612,-23.502729436580296,-46.42199569191893,81.673,2
8,41,10792,-23.502454910352583,-46.413583616711854,81.673,2
8,16,5933,-23.502454910352583,-46.413583616711854,82.142,2
8,46,12262,-23.504739368494633,-46.40971787093889,83.345,2
8,47,12299,-23.49718835332407,-46.401278495008334,85.646,2
8,24,7445,-23.49564161780837,-46.378772315631096,87.147,2
8,26,7648,-23.505951081949277,-46.369277342349946,91.675,2
8,51,13795,-23.518119818590403,-46.411662038028695,93.711,2
8,58,16493,-23.52950364869192,-46.39602647668647,97.812,2
8,17,5960,-23.56633470996594,-46.39814502331353,101.176,2
8,35,9454,-23.553851651826356,-46.428213677765605,102.322,2
8,34,9311,-23.54361066874891,-46.426992162992654,102.322,2
8,53,15267,-23.54361066874891,-46.426992162992654,103.692,2
8,28,8214,-23.54875465139367,-46.43921144171619,104.831,2
8,48,13214,-23.539675631138568,-46.44437114131387,105.346,2
8,0,depot,-23.551862,-46.767959,0.529,3
8,29,15916,-23.54780870664772,-46.76524741316207,1.773,3
8,31,17946,-23.544593319175966,-46.75355603886542,2.875,3
8,19,9175,-23.554169413266777,-46.75076613405276,3.935,3
8,12,5538,-23.563412528997674,-46.75332052553523,4.162,3
8,22,11039,-23.565310145161252,-46.752511185815685,4.874,3
8,20,9680,-23.571700239800336,-46.75205680045006,7.94,3
8,27,14861,-23.599267257454205,-46.751214070160025,9.837,3
8,26,12766,-23.58526374725023,-46.74059246298307,11.239,3
8,1,596,-23.572649523579493,-46.74067446211552,13.506,3
8,33,18095,-23.55267310851753,-46.74507716985977,13.506,3
8,35,19189,-23.55267310851753,-46.74507716985977,15.171,3
8,4,1553,-23.543369802772908,-46.73227360417187,16.534,3
8,3,1130,-23.54175424071731,-46.71901756512136,17.989,3
8,5,1832,-23.530663706921843,-46.72659391479598,18.322,3
8,2,794,-23.531363832361933,-46.72976400972352,18.817,3
8,11,5176,-23.527214475445724,-46.7315398082117,19.578,3
8,21,10087,-23.52773504312137,-46.73898242102839,22.29,3
8,34,19093,-23.535843212083293,-46.76406620886582,24.115,3
9,0,depot,-23.551862,-46.767959,3.351,3
9,18,8911,-23.536161365543215,-46.79602109908249,6.335,3
9,24,11791,-23.557895128357476,-46.813187263845634,6.335,3
9,15,6889,-23.557895128357476,-46.813187263845634,11.275,3
9,14,6326,-23.59662287793669,-46.78943079323671,12.341,3
9,7,3293,-23.587340805153268,-46.79203581141435,13.942,3
9,16,7515,-23.57297189117152,-46.79301217659699,14.862,3
9,30,17801,-23.575649045999562,-46.80155392181534,17.165,3
9,28,15428,-23.557895128357476,-46.813187263845634,17.165,3
9,13,5590,-23.557895128357476,-46.813187263845634,18.907,3
9,10,5140,-23.542230926930625,-46.81346159318365,20.904,3
9,25,12125,-23.530227432973618,-46.798892025535224,25.032,3
9,23,11408,-23.493128523067647,-46.79722321940412,26.03,3
9,8,5048,-23.492952011368303,-46.78744234076533,30.353,3
9,17,8822,-23.53162576464306,-46.79178255926477,32.374,3
9,6,3199,-23.549405830832715,-46.78764712281436,33.102,3
9,32,18050,-23.548093596716548,-46.78065511809683,33.754,3
9,9,5113,-23.542756575076453,-46.778011050522174,35.194,3
1,0,depot,-23.731552,-46.68921,0.771,4
1,19,8179,-23.738481942552912,-46.689273183045735,1.561,4
1,39,15832,-23.74467630571586,-46.68546268932597,3.511,4
1,15,6281,-23.742963020543556,-46.66639273175025,5.677,4
1,18,8066,-23.75540171490374,-46.682765544405335,6.874,4
1,11,4289,-23.765979551109357,-46.68494030682672,8.112,4
1,38,15539,-23.77255875590049,-46.69475623431819,11.662,4
1,31,11966,-23.74398649570083,-46.71031943672453,11.662,4
1,28,10623,-23.74398649570083,-46.71031943672453,12.706,4
1,7,2676,-23.735142305690715,-46.71375343505108,12.91,4
1,46,18919,-23.734667412534634,-46.71569694172146,14.963,4
1,6,2372,-23.72156783666111,-46.70149392630851,19.306,4
1,4,2068,-23.68994274271452,-46.676455967943895,19.671,4
1,45,17550,-23.688890497085808,-46.673066137111185,22.726,4
1,5,2262,-23.685682206936175,-46.643269882612,25.73,4
1,3,1665,-23.707923126541914,-46.626516659732204,27.59,4
1,26,10312,-23.700391716675306,-46.642831758122206,28.699,4
1,42,16523,-23.69317443949449,-46.65034362325459,29.398,4
1,20,8375,-23.688325184012353,-46.65470962587277,29.883,4
1,44,17017,-23.685158005382213,-46.65799433276703,30.792,4
1,23,9300,-23.683802773241403,-46.66679422162269,32.164,4
1,2,1294,-23.690463604480296,-46.67813381554541,34.251,4
1,12,4536,-23.694264199001665,-46.69820775229382,36.1,4
1,21,8804,-23.71037572883606,-46.69372522654224,36.833,4
1,32,12017,-23.7169581397296,-46.69411154232787,36.833,4
1,34,13884,-23.7169581397296,-46.69411154232787,37.676,4
1,10,3874,-23.724505225921877,-46.69493934677728,38.419,4
1,33,13250,-23.72156783666111,-46.70149392630851,38.925,4
1,8,3064,-23.725319902546367,-46.70430370958066,39.72,4
1,29,11020,-23.731787210658425,-46.700979196924195,40.58,4
1,47,18921,-23.730506151537902,-46.70931505433089,41.266,4
1,43,16857,-23.735142305690715,-46.71375343505108,42.309,4
1,27,10387,-23.74398649570083,-46.71031943672453,45.325,4
1,22,9057,-23.76908468803739,-46.72153755467713,46.037,4
1,24,9669,-23.771799152230386,-46.715191274006024,50.979,4
1,36,14669,-23.811270516792643,-46.7375025756247,57.455,4
1,1,510,-23.867518787956595,-46.7540388702464,62.517,4
1,13,4593,-23.85384263849616,-46.70656146801889,72.226,4
1,25,9788,-23.77101143394142,-46.67637483680533,73.262,4
1,9,3584,-23.765979551109357,-46.68494030682672,74.459,4
1,37,14672,-23.75540171490374,-46.682765544405335,76.113,4
1,16,6804,-23.75266495485217,-46.66679225872885,77.192,4
1,30,11897,-23.742963020543556,-46.66639273175025,78.754,4
1,40,16247,-23.735277932555256,-46.679239087079466,79.953,4
1,41,16404,-23.72470026061802,-46.68148760073805,81.678,4
1,14,5210,-23.738481942552912,-46.689273183045735,82.427,4
1,35,14291,-23.742789663887148,-46.6949266239252,82.427,4
1,17,7390,-23.742789663887148,-46.6949266239252,83.805,4
8,0,depot,-23.447913,-46.479886,1.249,5
8,9,3541,-23.44540927477061,-46.46795443505108,4.805,5
8,40,17364,-23.432678999999993,-46.43597834624039,6.124,5
8,35,14240,-23.4218025,-46.4308065,8.857,5
8,34,13634,-23.398125134471115,-46.437990399042064,12.573,5
8,10,3708,-23.408533299194993,-46.40339203673558,14.079,5
8,29,9692,-23.409685707744245,-46.388688516792655,17.13,5
8,41,18918,-23.435049027756925,-46.400103869005655,17.13,5
8,30,9873,-23.435049027756925,-46.400103869005655,21.408,5
8,25,8698,-23.462343241185316,-46.42965720302671,25.603,5
8,12,5053,-23.488594654804253,-46.45920586865417,29.36,5
8,43,19143,-23.503585725229385,-46.492217033513185,30.714,5
8,38,16225,-23.49585216902305,-46.50247661157595,36.963,5
8,28,9399,-23.44238589286745,-46.52134273841536,38.447,5
8,32,13182,-23.453135036355256,-46.52996767262971,40.212,5
8,2,140,-23.468955108517527,-46.53135229961335,40.871,5
8,14,5246,-23.470041394396652,-46.53770237066476,43.637,5
8,39,16933,-23.445403061890495,-46.54143494679429,43.637,5
8,21,6755,-23.445403061890495,-46.54143494679429,46.954,5
8,26,8889,-23.427857315569288,-46.51513706050551,49.63,5
8,6,1191,-23.4038554522621,-46.513241156673786,51.839,5
8,3,479,-23.40594993255526,-46.49171018896156,51.839,5
8,15,5386,-23.40594993255526,-46.49171018896156,54.511,5
8,13,5221,-23.429413786427382,-46.49734932542269,56.563,5
8,27,9235,-23.447309060505503,-46.50225707576894,57.932,5
8,19,6618,-23.458648107132547,-46.49702587538229,57.932,5
8,24,7100,-23.458648107132547,-46.49702587538229,61.241,5
8,1,139,-23.4874129977783,-46.488697918330544,62.931,5
8,36,14811,-23.49585216902305,-46.50247661157595,63.818,5
8,42,18924,-23.503506265335556,-46.500037864110894,65.466,5
8,17,6099,-23.494278572854753,-46.48738520129548,68.409,5
8,4,485,-23.488594654804253,-46.45920586865417,68.409,5
8,22,6820,-23.488594654804253,-46.45920586865417,74.485,5
8,11,4600,-23.464475926999967,-46.40574879482371,76.889,5
8,16,5640,-23.442873747432053,-46.40472063592881,77.878,5
8,20,6747,-23.435049027756925,-46.400103869005655,80.93,5
8,7,2216,-23.409685707744245,-46.388688516792655,82.436,5
8,37,14904,-23.408533299194993,-46.40339203673558,86.227,5
8,5,928,-23.4375744343586,-46.42286651457096,87.671,5
8,33,13541,-23.432678999999993,-46.43597834624039,87.671,5
8,31,11017,-23.432678999999993,-46.43597834624039,87.671,5
8,18,6513,-23.432678999999993,-46.43597834624039,90.922,5
8,8,3207,-23.45482760199666,-46.45676935206879,92.47,5
8,23,7094,-23.44540927477061,-46.46795443505108,93.719,5
9,0,depot,-23.479745,-46.713314,0.255,6
9,19,7844,-23.478372696505836,-46.71131293918387,2.137,6
9,34,15293,-23.471181010271785,-46.69460279724741,3.67,6
9,8,3277,-23.474888099082467,-46.68013230544173,5.828,6
9,5,2060,-23.483009074932227,-46.66091295198796,7.793,6
9,6,2985,-23.48789441077514,-46.67942677963238,9.746,6
9,18,7518,-23.484018352761268,-46.69810605682614,12.886,6
9,13,5247,-23.506049208479613,-46.71737739541604,14.865,6
9,28,12218,-23.50898041271851,-46.73651824552843,17.696,6
9,40,15904,-23.487946511800992,-46.75216519643371,22.491,6
9,44,17141,-23.446281797708313,-46.74005562898412,24.235,6
9,38,15599,-23.43570229518759,-46.72743954045105,26.447,6
9,4,1187,-23.441940985284816,-46.74802596932887,27.303,6
9,17,7263,-23.43467839162949,-46.750816888496146,29.148,6
9,45,17694,-23.418149799045963,-46.752401755756274,29.755,6
9,46,17699,-23.41541740882338,-46.74724762150595,31.249,6
9,3,981,-23.40201119565939,-46.74633251278075,33.147,6
9,15,6494,-23.418149799045963,-46.752401755756274,37.557,6
9,1,233,-23.42908265667379,-46.793942162357936,39.692,6
9,49,18842,-23.446396341104503,-46.78488366048149,44.323,6
9,33,14549,-23.48720985712605,-46.775858754048286,47.482,6
9,27,12019,-23.501146441860428,-46.74886066173756,50.803,6
9,48,17926,-23.515787116225745,-46.7204738731606,52.484,6
9,12,4982,-23.52928079069789,-46.71304969025908,57.034,6
9,11,4780,-23.505066031363608,-46.67707049278663,58.646,6
9,36,15436,-23.494248503462448,-46.666544668330545,58.646,6
9,24,10345,-23.494248503462448,-46.666544668330545,59.531,6
9,9,3818,-23.4864404948641,-46.668214844018706,60.494,6
9,30,12568,-23.486105397720426,-46.658780152428264,62.122,6
9,32,14506,-23.472187009435064,-46.66375191771018,63.268,6
9,14,5333,-23.473846152374616,-46.674840944630375,64.569,6
9,31,14009,-23.46215080460501,-46.67507099999999,65.783,6
9,20,8846,-23.463526662502165,-46.68687865390384,67.053,6
9,39,15751,-23.452132003527225,-46.68608406083267,69.522,6
9,21,9204,-23.44306691199995,-46.70817499999998,70.21,6
9,42,16542,-23.4447480313636,-46.71467286511052,71.616,6
9,2,749,-23.44083092561603,-46.72777564946042,73.186,6
9,23,9901,-23.453428425090102,-46.720828330284455,75.703,6
9,37,15554,-23.462499563490965,-46.698224096946795,76.799,6
9,35,15311,-23.472105112014923,-46.700655736660984,77.733,6
9,16,6578,-23.468303755756267,-46.69248706287145,78.524,6
9,47,17723,-23.473713635581966,-46.687461197472444,79.273,6
9,22,9876,-23.47871554010618,-46.682536740637055,79.78,6
9,10,4380,-23.483231086590262,-46.68186103385942,80.293,6
9,26,11079,-23.486292754371277,-46.68562474187781,81.301,6
9,43,16549,-23.48116157479496,-46.69377776546982,82.065,6
9,29,12539,-23.484855102241017,-46.70008892683782,82.944,6
9,25,10789,-23.490996873160597,-46.69465562782034,84.196,6
9,7,3067,-23.497779478215683,-46.704451866639744,86.465,6
9,41,16017,-23.478372696505836,-46.71131293918387,86.72,6
9,0,depot,-23.480494,-46.599845,1.288,7
9,43,16065,-23.472004872323875,-46.60844051151254,4.966,7
9,11,4267,-23.44564326340232,-46.586671518033384,9.139,7
9,8,3069,-23.424700861503837,-46.552730060505496,16.028,7
9,50,18607,-23.482367418128536,-46.57742509942871,19.274,7
9,13,4889,-23.510036681660747,-46.58756028518662,21.3,7
9,6,1850,-23.49290528910448,-46.594327198929534,21.3,7
9,30,10891,-23.49290528910448,-46.594327198929534,22.318,7
9,25,9250,-23.491428663887145,-46.60417913183105,23.656,7
9,36,12649,-23.490150706853875,-46.617224474492815,26.26,7
9,27,9937,-23.50416851075128,-46.63768728561726,26.26,7
9,12,4882,-23.50416851075128,-46.63768728561726,26.907,7
9,39,14374,-23.49847853427779,-46.63638298557326,27.81,7
9,17,5884,-23.491977681855435,-46.64169701200301,28.314,7
9,34,11775,-23.49132150693923,-46.64659062971762,29.815,7
9,45,16678,-23.477968986635737,-46.64873563266778,31.076,7
9,37,13202,-23.46802341465176,-46.65468131640599,31.076,7
9,35,12154,-23.46802341465176,-46.65468131640599,32.655,7
9,22,8470,-23.46658982202164,-46.63928171838316,35.243,7
9,46,17414,-23.48535959449485,-46.624283978908174,35.243,7
9,48,18186,-23.48535959449485,-46.624283978908174,36.254,7
9,44,16151,-23.493689790178287,-46.62826754746376,36.468,7
9,20,6493,-23.49364414071786,-46.62617257661918,37.685,7
9,32,11224,-23.486412294375963,-46.61721101212633,38.223,7
9,41,14617,-23.48295306136297,-46.6135298414532,38.841,7
9,4,736,-23.481197643906178,-46.60777485908012,39.307,7
9,33,11676,-23.48514561532687,-46.60625548355358,40.947,7
9,49,18467,-23.498986714471563,-46.611813325375664,41.501,7
9,7,1988,-23.50188317998731,-46.60739055467712,43.837,7
9,42,15438,-23.518808468228055,-46.593817165979715,45.003,7
9,31,10946,-23.510036681660747,-46.58756028518662,45.529,7
9,47,18135,-23.50555187454558,-46.58591682722604,46.316,7
9,18,5918,-23.512200548156255,-46.58326616985977,48.012,7
9,52,18833,-23.510240632812017,-46.566772533166954,51.89,7
9,53,19167,-23.48261088368666,-46.54357200000001,53.084,7
9,19,6019,-23.472728402994996,-46.538989187344896,54.378,7
9,16,5710,-23.462738015263444,-46.545502416180966,57.229,7
9,38,13592,-23.437420763806347,-46.54991348473654,58.142,7
9,3,138,-23.42921047960067,-46.54991166180969,60.876,7
9,51,18654,-23.432468208475303,-46.57647459828163,61.747,7
9,21,8243,-23.433704701885496,-46.58489999999999,63.781,7
9,1,124,-23.451154239252073,-46.59089295767212,65.301,7
9,23,8727,-23.44711129096593,-46.576656491927515,66.462,7
9,2,131,-23.449686705522534,-46.56562684297996,68.022,7
9,40,14402,-23.461549564804677,-46.5737805,69.817,7
9,9,3083,-23.475066063942872,-46.564159924231035,70.738,7
9,5,737,-23.47813702553522,-46.572546292602,70.738,7
9,24,9163,-23.47813702553522,-46.572546292602,70.738,7
9,28,10019,-23.47813702553522,-46.572546292602,71.219,7
9,10,3419,-23.478589602833388,-46.57724225728546,72.341,7
9,29,10169,-23.478723869553914,-46.588239999999985,72.795,7
9,26,9363,-23.47664386372554,-46.59206798626578,73.728,7
9,15,5577,-23.473052978908186,-46.60034358604072,75.317,7
9,14,5271,-23.48664048542905,-46.59554132653355,76.129,7
8,0,depot,-23.688319,-46.543115,4.808,8
8,43,16921,-23.706622197972255,-46.500337390127335,4.808,8
8,35,12736,-23.706622197972255,-46.500337390127335,6.594,8
8,33,11518,-23.691027058051727,-46.504557561076766,8.967,8
8,19,7876,-23.669716903553663,-46.50581698955484,14.736,8
8,2,578,-23.631842535662773,-46.46710744976627,19.677,8
8,20,8127,-23.670473877878134,-46.49108185675612,19.677,8
8,28,10570,-23.670473877878134,-46.49108185675612,21.185,8
8,22,8182,-23.678743908783417,-46.50281468519531,27.404,8
8,36,13234,-23.73053443491416,-46.4797563463713,32.793,8
8,15,7002,-23.70816,-46.526713532892806,32.793,8
8,45,18197,-23.70816,-46.526713532892806,35.468,8
8,4,1604,-23.7272988298661,-46.5426312027365,40.332,8
8,9,4757,-23.755203935984536,-46.579434431180886,43.007,8
8,42,15910,-23.773181643697704,-46.59689761451517,44.625,8
8,13,6462,-23.758929481404017,-46.60012438270614,47.54,8
8,34,12084,-23.74247041969547,-46.577834449492144,48.153,8
8,5,2119,-23.737873499999992,-46.57451709960222,51.171,8
8,18,7847,-23.71546076889537,-46.591243173504466,51.171,8
8,37,13925,-23.71546076889537,-46.591243173504466,52.312,8
8,17,7180,-23.710014533181273,-46.58174395098847,53.26,8
8,11,5109,-23.701554051907166,-46.58289107894293,54.966,8
8,26,9792,-23.70391676910317,-46.566332140061476,54.966,8
8,30,10951,-23.70391676910317,-46.566332140061476,56.089,8
8,41,15710,-23.70785448456366,-46.556180165898496,57.759,8
8,32,11460,-23.69884510429747,-46.54305293907612,57.759,8
8,29,10873,-23.69884510429747,-46.54305293907612,58.93,8
9,0,depot,-23.688319,-46.543115,2.547,8
9,7,3511,-23.70785448456366,-46.556180165898496,3.618,8
9,46,18684,-23.717189479369523,-46.553587584586225,4.333,8
9,16,7126,-23.72054995115125,-46.54759994080892,6.098,8
9,47,19103,-23.719823491922494,-46.564917738308495,9.6,8
9,12,6451,-23.736530458234686,-46.59407643484908,15.867,8
9,23,8419,-23.68270112738766,-46.575831652086144,18.294,8
9,38,14304,-23.6610325434244,-46.57292045517629,18.294,8
9,27,10450,-23.6610325434244,-46.57292045517629,19.688,8
9,10,5056,-23.648974040798663,-46.576632652634416,20.557,8
9,14,6472,-23.652483477065275,-46.5690036048244,22.989,8
9,3,1284,-23.643885489583987,-46.547049492057425,25.028,8
9,6,3322,-23.637416290596647,-46.52831919983838,26.043,8
9,31,11176,-23.62908232590855,-46.52425375944701,28.723,8
9,24,9087,-23.641877043568627,-46.50196149610485,28.723,8
9,40,15546,-23.641877043568627,-46.50196149610485,30.111,8
9,39,14418,-23.640079123362614,-46.51544838301402,32.84,8
9,21,8161,-23.65218934609616,-46.53875018356984,34.789,8
9,44,17088,-23.66666607132555,-46.5495367479803,35.647,8
9,1,383,-23.67332717021707,-46.54528848405988,36.558,8
9,25,9472,-23.67975053121937,-46.550843307166375,37.616,8
9,8,3872,-23.682513024634044,-46.56078631154672,39.528,8
8,0,depot,-23.649502,-46.742499,2.608,9
8,44,14023,-23.62609284359048,-46.7441113627446,4.773,9
8,57,17974,-23.608349214265107,-46.73536441534424,5.878,9
8,15,2606,-23.59958030169083,-46.74046628296493,6.867,9
8,7,1427,-23.599611356367948,-46.73075964723873,10.287,9
8,5,1096,-23.62869882181603,-46.71985674937962,15.458,9
8,26,7605,-23.663480521784315,-46.68616212239599,17.231,9
8,56,17913,-23.66897161033521,-46.702511553580614,18.394,9
8,49,14888,-23.65970695475793,-46.70779649423597,20.859,9
8,40,12595,-23.659848534277796,-46.73200214342513,22.297,9
8,9,1678,-23.657383927837728,-46.74585886809682,25.703,9
8,43,13699,-23.664957129335228,-46.77827175,28.145,9
8,45,14271,-23.677722557102022,-46.79778151540767,29.885,9
8,3,692,-23.69199483680533,-46.79077580939466,34.866,9
8,11,1827,-23.736770968636396,-46.79201380460501,39.748,9
8,54,17633,-23.70001329225576,-46.765788904524214,39.748,9
8,29,8372,-23.70001329225576,-46.765788904524214,42.112,9
8,16,2758,-23.68087846386024,-46.7556706753419,42.926,9
8,55,17768,-23.682082756592987,-46.747782769778944,43.973,9
8,35,10173,-23.67331510130417,-46.75152780183506,45.512,9
8,1,311,-23.67801169747246,-46.76574141618096,46.514,9
8,52,16626,-23.684360311962607,-46.77272695087712,47.898,9
8,25,7079,-23.689796154596316,-46.78495137621901,48.86,9
8,24,4997,-23.698318442408677,-46.78331547727059,50.885,9
8,58,18112,-23.71623987652625,-46.779741816504696,50.885,9
8,60,18381,-23.71623987652625,-46.779741816504696,52.375,9
8,14,2532,-23.70490661004675,-46.78755043297363,53.433,9
8,41,13331,-23.697350528449416,-46.793856201079144,55.652,9
8,21,4590,-23.677722557102022,-46.79778151540767,57.098,9
8,38,11462,-23.68017060727678,-46.78383016659933,58.36,9
8,46,14388,-23.671511696087475,-46.775827932425365,60.3,9
8,17,3345,-23.66601633166945,-46.75774481127009,61.247,9
8,39,12272,-23.65808223980033,-46.75437850992553,62.084,9
8,51,16079,-23.660697178342538,-46.76209412968147,62.084,9
8,32,9495,-23.660697178342538,-46.76209412968147,63.799,9
8,36,10266,-23.664957129335228,-46.77827175,64.358,9
8,37,11044,-23.66680329236412,-46.78338322207837,64.78,9
8,22,4689,-23.66615225087014,-46.78746324276619,65.729,9
8,47,14405,-23.658097106441733,-46.790539109004314,66.783,9
8,13,2502,-23.656913570644196,-46.78027201540768,67.441,9
8,4,939,-23.652194898695825,-46.784173662502155,68.058,9
8,19,3649,-23.646786637622345,-46.78283934179701,69.236,9
8,23,4809,-23.638577521784303,-46.775526748240445,69.791,9
8,48,14545,-23.641060033585298,-46.77079701781483,69.791,9
8,10,1747,-23.641060033585298,-46.77079701781483,71.667,9
8,61,19009,-23.624667553277103,-46.766457316752245,73.052,9
8,30,8438,-23.62023315809372,-46.753747844783305,73.338,9
8,2,427,-23.61804186394533,-46.75228906189049,74.873,9
8,33,9879,-23.618000587021687,-46.737217445467095,76.006,9
8,8,1579,-23.614083951835845,-46.72694964612173,77.947,9
8,6,1395,-23.627407295314175,-46.73926123120198,78.619,9
8,34,10059,-23.630627095475788,-46.73368361518263,82.673,9
8,20,4186,-23.642105134052763,-46.69590755453522,82.673,9
8,53,16881,-23.642105134052763,-46.69590755453522,84.592,9
8,18,3641,-23.658943725229378,-46.69178753635527,84.951,9
8,27,7689,-23.660801991921264,-46.69467150317398,85.511,9
8,28,7808,-23.657594422076475,-46.698906303457704,87.056,9
8,59,18302,-23.65326809908247,-46.71332093158863,87.59,9
8,42,13537,-23.65297918624838,-46.71855136788047,88.163,9
8,12,1984,-23.65567253941369,-46.713748792083464,90.15,9
8,50,15631,-23.67351282875526,-46.71476725506378,92.471,9
8,31,8778,-23.659848534277796,-46.73200214342513,94.042,9
8,0,depot,-23.619685,-46.644689,1.147,10
8,68,18817,-23.627002997230036,-46.63675215889549,2.652,10
8,58,16500,-23.632807714957597,-46.623412260127544,4.128,10
8,7,1897,-23.637502257285476,-46.609853757285464,6.967,10
8,1,100,-23.613658113237538,-46.59990359296563,8.724,10
8,5,697,-23.597860271150555,-46.59939648144286,10.045,10
8,34,10821,-23.598852123925212,-46.6123102076,11.104,10
8,49,14650,-23.607897406987597,-46.615579978763954,13.076,10
8,13,3896,-23.59256254912288,-46.62530502331353,13.859,10
8,26,7849,-23.585594589647407,-46.626391537538225,14.618,10
8,2,392,-23.590329522550338,-46.63175129640077,16.017,10
8,27,8560,-23.600526496249085,-46.63980320594089,16.779,10
8,8,2549,-23.597767487650753,-46.64665271481336,18.36,10
8,50,14804,-23.605676512767605,-46.659546000000006,18.36,10
8,39,12048,-23.605676512767605,-46.659546000000006,19.059,10
8,22,6414,-23.611491428028508,-46.662146352256606,20.904,10
8,46,13693,-23.602277493479132,-46.67720729462168,21.499,10
8,9,2590,-23.597977631686824,-46.680675694702494,24.351,10
8,23,6955,-23.62357069747245,-46.682602271163944,25.1,10
8,59,16567,-23.62399994171619,-46.67527291326678,28.613,10
8,6,1783,-23.65554634554791,-46.67328562616546,30.13,10
8,32,10004,-23.65575814459867,-46.65840058465576,30.77,10
8,48,14593,-23.650898207600004,-46.65502005773554,32.001,10
8,55,16286,-23.64702435137628,-46.6663345453863,34.38,10
8,15,4065,-23.626643993563423,-46.673448181516534,37.133,10
8,10,2892,-23.605746710384295,-46.65895225200536,37.133,10
8,44,13394,-23.605746710384295,-46.65895225200536,38.44,10
8,24,6970,-23.59723188273989,-46.667795975276526,39.19,10
8,14,4042,-23.591225147931215,-46.67113939301167,39.903,10
8,16,4101,-23.596028548992976,-46.6757672267586,40.789,10
8,40,12151,-23.59938663918865,-46.68366069885745,40.789,10
8,52,14927,-23.59938663918865,-46.68366069885745,42.03,10
8,45,13420,-23.60988230474924,-46.68778828795657,42.584,10
8,57,16460,-23.61356240492823,-46.68412540423574,44.217,10
8,61,16830,-23.62566414570952,-46.693214250216336,45.974,10
8,63,16925,-23.64071148542905,-46.687971385076025,48.316,10
8,53,15426,-23.660297088262432,-46.6795114173348,49.168,10
8,42,13194,-23.66764191077094,-46.68189273114925,49.168,10
8,33,10577,-23.66764191077094,-46.68189273114925,49.505,10
8,43,13321,-23.667921785734887,-46.678596063099626,50.909,10
8,60,16761,-23.668189868139354,-46.664808571816025,51.975,10
8,4,646,-23.6632097643042,-46.655864360811336,53.341,10
8,37,11382,-23.674335411881792,-46.6501803830397,54.028,10
8,3,514,-23.679914005259526,-46.653080532056094,54.858,10
8,38,11754,-23.67983163558196,-46.64493090605341,56.293,10
8,12,3750,-23.667472257285475,-46.640865846384884,58.489,10
8,51,14823,-23.648641480985653,-46.64734392783774,60.088,10
8,47,14313,-23.63655737356463,-46.63882852345775,60.088,10
8,31,9646,-23.63655737356463,-46.63882852345775,60.549,10
8,69,19043,-23.63272085885393,-46.64053662698363,60.549,10
8,56,16314,-23.63272085885393,-46.64053662698363,64.01,10
8,66,18423,-23.642495753404663,-46.60827299999998,65.552,10
8,36,11362,-23.64539320344507,-46.59347397224307,67.078,10
8,64,17046,-23.635116922557604,-46.60340351304175,67.825,10
8,35,11118,-23.63365895337295,-46.61056092315009,68.016,10
8,25,7293,-23.633952003606684,-46.61240750499165,70.931,10
8,20,6122,-23.607897406987597,-46.615579978763954,71.841,10
8,30,9541,-23.60042069608748,-46.619216654452096,74.241,10
8,28,8617,-23.587325649009774,-46.60049632303672,74.241,10
8,62,16898,-23.587325649009774,-46.60049632303672,75.299,10
8,21,6324,-23.579277873160592,-46.606032729240106,78.133,10
8,54,15602,-23.586627070488824,-46.632663518321856,79.316,10
8,29,9013,-23.58662111878931,-46.64427165889549,79.499,10
8,41,13156,-23.588085625858447,-46.6434417470137,80.509,10
8,19,5029,-23.59691325229381,-46.64577259143491,80.981,10
8,17,4560,-23.600935959201337,-46.6443131493162,81.443,10
8,65,17493,-23.600526496249085,-46.63980320594089,82.923,10
8,67,18702,-23.607465820705173,-46.627407547665776,84.557,10
8,11,3133,-23.61763890592578,-46.6389807441141,84.557,10
8,18,4830,-23.61763890592578,-46.6389807441141,85.181,10
